Utterance_ID,Conversation_ID,No_Of_Turns,Turn_ID
0,0,1,0
1,0,1,1
2,1,1,0
3,1,1,1
4,2,1,0
5,2,1,1
6,3,1,0
7,3,1,1
8,4,1,0
9,4,1,1
10,5,1,0
11,5,1,1
12,6,1,0
13,6,1,1
14,7,1,0
15,7,1,1
16,8,1,0
17,8,1,1
18,9,1,0
19,9,1,1
20,10,1,0
21,10,1,1
22,11,1,0
23,11,1,1
24,12,1,0
25,12,1,1
26,13,1,0
27,13,1,1
28,14,1,0
29,14,1,1
30,15,1,0
31,15,1,1
32,16,1,0
33,16,1,1
34,17,1,0
35,17,1,1
36,18,1,0
37,18,1,1
38,19,1,0
39,19,1,1
40,20,1,0
41,20,1,1
42,21,1,0
43,21,1,1
44,22,1,0
45,22,1,1
46,23,1,0
47,23,1,1
48,24,1,0
49,24,1,1
50,25,1,0
51,25,1,1
52,26,1,0
53,26,1,1
54,27,1,0
55,27,1,1
56,28,1,0
57,28,1,1
58,29,1,0
59,29,1,1
60,30,1,0
61,30,1,1
62,31,1,0
63,31,1,1
64,32,1,0
65,32,1,1
66,33,1,0
67,33,1,1
68,34,1,0
69,34,1,1
70,35,1,0
71,35,1,1
72,36,1,0
73,36,1,1
74,37,1,0
75,37,1,1
76,38,1,0
77,38,1,1
78,39,1,0
79,39,1,1
80,40,1,0
81,40,1,1
82,41,1,0
83,41,1,1
84,42,1,0
85,42,1,1
86,43,1,0
87,43,1,1
88,44,1,0
89,44,1,1
90,45,1,0
91,45,1,1
92,46,1,0
93,46,1,1
94,47,1,0
95,47,1,1
96,48,1,0
97,48,1,1
98,49,1,0
99,49,1,1
100,50,1,0
101,50,1,1
102,51,1,0
103,51,1,1
104,52,1,0
105,52,1,1
106,53,1,0
107,53,1,1
108,54,1,0
109,54,1,1
110,55,1,0
111,55,1,1
112,56,1,0
113,56,1,1
114,57,1,0
115,57,1,1
116,58,1,0
117,58,1,1
118,59,1,0
119,59,1,1
120,60,1,0
121,60,1,1
122,61,1,0
123,61,1,1
124,62,1,0
125,62,1,1
126,63,1,0
127,63,1,1
128,64,1,0
129,64,1,1
130,65,1,0
131,65,1,1
132,66,1,0
133,66,1,1
134,67,1,0
135,67,1,1
136,68,1,0
137,68,1,1
138,69,1,0
139,69,1,1
140,70,1,0
141,70,1,1
142,71,1,0
143,71,1,1
144,72,1,0
145,72,1,1
146,73,1,0
147,73,1,1
148,74,1,0
149,74,1,1
150,75,1,0
151,75,1,1
152,76,1,0
153,76,1,1
154,77,1,0
155,77,1,1
156,78,1,0
157,78,1,1
158,79,1,0
159,79,1,1
160,80,1,0
161,80,1,1
162,81,1,0
163,81,1,1
164,82,1,0
165,82,1,1
166,83,1,0
167,83,1,1
168,84,1,0
169,84,1,1
170,85,1,0
171,85,1,1
172,86,1,0
173,86,1,1
174,87,1,0
175,87,1,1
176,88,1,0
177,88,1,1
178,89,1,0
179,89,1,1
180,90,1,0
181,90,1,1
182,91,1,0
183,91,1,1
184,92,1,0
185,92,1,1
186,93,1,0
187,93,1,1
188,94,1,0
189,94,1,1
190,95,1,0
191,95,1,1
192,96,1,0
193,96,1,1
194,97,1,0
195,97,1,1
196,98,1,0
197,98,1,1
198,99,1,0
199,99,1,1
200,100,1,0
201,100,1,1
202,101,1,0
203,101,1,1
204,102,1,0
205,102,1,1
206,103,1,0
207,103,1,1
208,104,1,0
209,104,1,1
210,105,1,0
211,105,1,1
212,106,1,0
213,106,1,1
214,107,1,0
215,107,1,1
216,108,1,0
217,108,1,1
218,109,1,0
219,109,1,1
220,110,1,0
221,110,1,1
222,111,1,0
223,111,1,1
224,112,1,0
225,112,1,1
226,113,1,0
227,113,1,1
228,114,1,0
229,114,1,1
230,115,1,0
231,115,1,1
232,116,1,0
233,116,1,1
234,117,1,0
235,117,1,1
236,118,1,0
237,118,1,1
238,119,1,0
239,119,1,1
240,120,1,0
241,120,1,1
242,121,1,0
243,121,1,1
244,122,1,0
245,122,1,1
246,123,1,0
247,123,1,1
248,124,1,0
249,124,1,1
250,125,1,0
251,125,1,1
252,126,1,0
253,126,1,1
254,127,1,0
255,127,1,1
256,128,1,0
257,128,1,1
258,129,1,0
259,129,1,1
260,130,1,0
261,130,1,1
262,131,1,0
263,131,1,1
264,132,1,0
265,132,1,1
266,133,1,0
267,133,1,1
268,134,1,0
269,134,1,1
270,135,1,0
271,135,1,1
272,136,1,0
273,136,1,1
274,137,1,0
275,137,1,1
276,138,1,0
277,138,1,1
278,139,1,0
279,139,1,1
280,140,1,0
281,140,1,1
282,141,1,0
283,141,1,1
284,142,1,0
285,142,1,1
286,143,1,0
287,143,1,1
288,144,1,0
289,144,1,1
290,145,1,0
291,145,1,1
292,146,1,0
293,146,1,1
294,147,1,0
295,147,1,1
296,148,1,0
297,148,1,1
298,149,1,0
299,149,1,1
300,150,1,0
301,150,1,1
302,151,1,0
303,151,1,1
304,152,1,0
305,152,1,1
306,153,1,0
307,153,1,1
308,154,1,0
309,154,1,1
310,155,1,0
311,155,1,1
312,156,1,0
313,156,1,1
314,157,1,0
315,157,1,1
316,158,1,0
317,158,1,1
318,159,1,0
319,159,1,1
320,160,1,0
321,160,1,1
322,161,1,0
323,161,1,1
324,162,1,0
325,162,1,1
326,163,1,0
327,163,1,1
328,164,1,0
329,164,1,1
330,165,1,0
331,165,1,1
332,166,1,0
333,166,1,1
334,167,1,0
335,167,1,1
336,168,1,0
337,168,1,1
338,169,1,0
339,169,1,1
340,170,1,0
341,170,1,1
342,171,1,0
343,171,1,1
344,172,1,0
345,172,1,1
346,173,1,0
347,173,1,1
348,174,1,0
349,174,1,1
350,175,1,0
351,175,1,1
352,176,1,0
353,176,1,1
354,177,1,0
355,177,1,1
356,178,1,0
357,178,1,1
358,179,1,0
359,179,1,1
360,180,1,0
361,180,1,1
362,181,1,0
363,181,1,1
364,182,1,0
365,182,1,1
366,183,1,0
367,183,1,1
368,184,1,0
369,184,1,1
370,185,1,0
371,185,1,1
372,186,1,0
373,186,1,1
374,187,1,0
375,187,1,1
376,188,1,0
377,188,1,1
378,189,1,0
379,189,1,1
380,190,1,0
381,190,1,1
382,191,1,0
383,191,1,1
384,192,1,0
385,192,1,1
386,193,1,0
387,193,1,1
388,194,1,0
389,194,1,1
390,195,1,0
391,195,1,1
392,196,1,0
393,196,1,1
394,197,1,0
395,197,1,1
396,198,1,0
397,198,1,1
398,199,1,0
399,199,1,1
400,200,1,0
401,200,1,1
402,201,1,0
403,201,1,1
404,202,1,0
405,202,1,1
406,203,1,0
407,203,1,1
408,204,1,0
409,204,1,1
410,205,1,0
411,205,1,1
412,206,1,0
413,206,1,1
414,207,1,0
415,207,1,1
416,208,1,0
417,208,1,1
418,209,1,0
419,209,1,1
420,210,1,0
421,210,1,1
422,211,1,0
423,211,1,1
424,212,1,0
425,212,1,1
426,213,1,0
427,213,1,1
428,214,1,0
429,214,1,1
430,215,1,0
431,215,1,1
432,216,1,0
433,216,1,1
434,217,1,0
435,217,1,1
436,218,1,0
437,218,1,1
438,219,1,0
439,219,1,1
440,220,1,0
441,220,1,1
442,221,1,0
443,221,1,1
444,222,1,0
445,222,1,1
446,223,1,0
447,223,1,1
448,224,1,0
449,224,1,1
450,225,1,0
451,225,1,1
452,226,1,0
453,226,1,1
454,227,1,0
455,227,1,1
456,228,1,0
457,228,1,1
458,229,1,0
459,229,1,1
460,230,1,0
461,230,1,1
462,231,1,0
463,231,1,1
464,232,1,0
465,232,1,1
466,233,1,0
467,233,1,1
468,234,1,0
469,234,1,1
470,235,1,0
471,235,1,1
472,236,1,0
473,236,1,1
474,237,1,0
475,237,1,1
476,238,1,0
477,238,1,1
478,239,1,0
479,239,1,1
480,240,1,0
481,240,1,1
482,241,1,0
483,241,1,1
484,242,1,0
485,242,1,1
486,243,1,0
487,243,1,1
488,244,1,0
489,244,1,1
490,245,1,0
491,245,1,1
492,246,1,0
493,246,1,1
494,247,1,0
495,247,1,1
496,248,1,0
497,248,1,1
498,249,1,0
499,249,1,1
500,250,1,0
501,250,1,1
502,251,1,0
503,251,1,1
504,252,1,0
505,252,1,1
506,253,1,0
507,253,1,1
508,254,1,0
509,254,1,1
510,255,1,0
511,255,1,1
512,256,1,0
513,256,1,1
514,257,1,0
515,257,1,1
516,258,1,0
517,258,1,1
518,259,1,0
519,259,1,1
520,260,1,0
521,260,1,1
522,261,1,0
523,261,1,1
524,262,1,0
525,262,1,1
526,263,1,0
527,263,1,1
528,264,1,0
529,264,1,1
530,265,1,0
531,265,1,1
532,266,1,0
533,266,1,1
534,267,1,0
535,267,1,1
536,268,1,0
537,268,1,1
538,269,1,0
539,269,1,1
540,270,1,0
541,270,1,1
542,271,1,0
543,271,1,1
544,272,1,0
545,272,1,1
546,273,1,0
547,273,1,1
548,274,1,0
549,274,1,1
550,275,1,0
551,275,1,1
552,276,1,0
553,276,1,1
554,277,1,0
555,277,1,1
556,278,1,0
557,278,1,1
558,279,1,0
559,279,1,1
560,280,1,0
561,280,1,1
562,281,1,0
563,281,1,1
564,282,1,0
565,282,1,1
566,283,1,0
567,283,1,1
568,284,1,0
569,284,1,1
570,285,1,0
571,285,1,1
572,286,1,0
573,286,1,1
574,287,1,0
575,287,1,1
576,288,1,0
577,288,1,1
578,289,1,0
579,289,1,1
580,290,1,0
581,290,1,1
582,291,1,0
583,291,1,1
584,292,1,0
585,292,1,1
586,293,1,0
587,293,1,1
588,294,1,0
589,294,1,1
590,295,1,0
591,295,1,1
592,296,1,0
593,296,1,1
594,297,1,0
595,297,1,1
596,298,1,0
597,298,1,1
598,299,1,0
599,299,1,1
600,300,1,0
601,300,1,1
602,301,1,0
603,301,1,1
604,302,1,0
605,302,1,1
606,303,1,0
607,303,1,1
608,304,1,0
609,304,1,1
610,305,1,0
611,305,1,1
612,306,1,0
613,306,1,1
614,307,1,0
615,307,1,1
616,308,1,0
617,308,1,1
618,309,1,0
619,309,1,1
620,310,1,0
621,310,1,1
622,311,1,0
623,311,1,1
624,312,1,0
625,312,1,1
626,313,1,0
627,313,1,1
628,314,1,0
629,314,1,1
630,315,1,0
631,315,1,1
632,316,1,0
633,316,1,1
634,317,1,0
635,317,1,1
636,318,1,0
637,318,1,1
638,319,1,0
639,319,1,1
640,320,1,0
641,320,1,1
642,321,1,0
643,321,1,1
644,322,1,0
645,322,1,1
646,323,1,0
647,323,1,1
648,324,1,0
649,324,1,1
650,325,1,0
651,325,1,1
652,326,1,0
653,326,1,1
654,327,1,0
655,327,1,1
656,328,1,0
657,328,1,1
658,329,1,0
659,329,1,1
660,330,1,0
661,330,1,1
662,331,1,0
663,331,1,1
664,332,1,0
665,332,1,1
666,333,1,0
667,333,1,1
668,334,1,0
669,334,1,1
670,335,1,0
671,335,1,1
672,336,1,0
673,336,1,1
674,337,1,0
675,337,1,1
676,338,1,0
677,338,1,1
678,339,1,0
679,339,1,1
680,340,1,0
681,340,1,1
682,341,1,0
683,341,1,1
684,342,1,0
685,342,1,1
686,343,1,0
687,343,1,1
688,344,1,0
689,344,1,1
690,345,1,0
691,345,1,1
692,346,1,0
693,346,1,1
694,347,1,0
695,347,1,1
696,348,1,0
697,348,1,1
698,349,1,0
699,349,1,1
700,350,1,0
701,350,1,1
702,351,1,0
703,351,1,1
704,352,1,0
705,352,1,1
706,353,1,0
707,353,1,1
708,354,1,0
709,354,1,1
710,355,1,0
711,355,1,1
712,356,1,0
713,356,1,1
714,357,1,0
715,357,1,1
716,358,1,0
717,358,1,1
718,359,1,0
719,359,1,1
720,360,1,0
721,360,1,1
722,361,1,0
723,361,1,1
724,362,1,0
725,362,1,1
726,363,1,0
727,363,1,1
728,364,1,0
729,364,1,1
730,365,1,0
731,365,1,1
732,366,1,0
733,366,1,1
734,367,1,0
735,367,1,1
736,368,1,0
737,368,1,1
738,369,1,0
739,369,1,1
740,370,1,0
741,370,1,1
742,371,1,0
743,371,1,1
744,372,1,0
745,372,1,1
746,373,1,0
747,373,1,1
748,374,1,0
749,374,1,1
750,375,1,0
751,375,1,1
752,376,1,0
753,376,1,1
754,377,1,0
755,377,1,1
756,378,1,0
757,378,1,1
758,379,1,0
759,379,1,1
760,380,1,0
761,380,1,1
762,381,1,0
763,381,1,1
764,382,1,0
765,382,1,1
766,383,1,0
767,383,1,1
768,384,1,0
769,384,1,1
770,385,1,0
771,385,1,1
772,386,1,0
773,386,1,1
774,387,1,0
775,387,1,1
776,388,1,0
777,388,1,1
778,389,1,0
779,389,1,1
780,390,1,0
781,390,1,1
782,391,1,0
783,391,1,1
784,392,1,0
785,392,1,1
786,393,1,0
787,393,1,1
788,394,1,0
789,394,1,1
790,395,1,0
791,395,1,1
792,396,1,0
793,396,1,1
794,397,1,0
795,397,1,1
796,398,1,0
797,398,1,1
798,399,1,0
799,399,1,1
800,400,1,0
801,400,1,1
802,401,1,0
803,401,1,1
804,402,1,0
805,402,1,1
806,403,1,0
807,403,1,1
808,404,1,0
809,404,1,1
810,405,1,0
811,405,1,1
812,406,1,0
813,406,1,1
814,407,1,0
815,407,1,1
816,408,1,0
817,408,1,1
818,409,1,0
819,409,1,1
820,410,1,0
821,410,1,1
822,411,1,0
823,411,1,1
824,412,1,0
825,412,1,1
826,413,1,0
827,413,1,1
828,414,1,0
829,414,1,1
830,415,1,0
831,415,1,1
832,416,1,0
833,416,1,1
834,417,1,0
835,417,1,1
836,418,1,0
837,418,1,1
838,419,1,0
839,419,1,1
840,420,1,0
841,420,1,1
842,421,1,0
843,421,1,1
844,422,1,0
845,422,1,1
846,423,1,0
847,423,1,1
848,424,1,0
849,424,1,1
850,425,1,0
851,425,1,1
852,426,1,0
853,426,1,1
854,427,1,0
855,427,1,1
856,428,1,0
857,428,1,1
858,429,1,0
859,429,1,1
860,430,1,0
861,430,1,1
862,431,1,0
863,431,1,1
864,432,1,0
865,432,1,1
866,433,1,0
867,433,1,1
868,434,1,0
869,434,1,1
870,435,1,0
871,435,1,1
872,436,1,0
873,436,1,1
874,437,1,0
875,437,1,1
876,438,1,0
877,438,1,1
878,439,1,0
879,439,1,1
880,440,1,0
881,440,1,1
882,441,1,0
883,441,1,1
884,442,1,0
885,442,1,1
886,443,1,0
887,443,1,1
888,444,1,0
889,444,1,1
890,445,1,0
891,445,1,1
892,446,1,0
893,446,1,1
894,447,1,0
895,447,1,1
896,448,1,0
897,448,1,1
898,449,1,0
899,449,1,1
900,450,1,0
901,450,1,1
902,451,1,0
903,451,1,1
904,452,1,0
905,452,1,1
906,453,1,0
907,453,1,1
908,454,1,0
909,454,1,1
910,455,1,0
911,455,1,1
912,456,1,0
913,456,1,1
914,457,1,0
915,457,1,1
916,458,1,0
917,458,1,1
918,459,1,0
919,459,1,1
920,460,1,0
921,460,1,1
922,461,1,0
923,461,1,1
924,462,1,0
925,462,1,1
926,463,1,0
927,463,1,1
928,464,1,0
929,464,1,1
930,465,1,0
931,465,1,1
932,466,1,0
933,466,1,1
934,467,1,0
935,467,1,1
936,468,1,0
937,468,1,1
938,469,1,0
939,469,1,1
940,470,1,0
941,470,1,1
942,471,1,0
943,471,1,1
944,472,1,0
945,472,1,1
946,473,1,0
947,473,1,1
948,474,1,0
949,474,1,1
950,475,1,0
951,475,1,1
952,476,1,0
953,476,1,1
954,477,1,0
955,477,1,1
956,478,1,0
957,478,1,1
958,479,1,0
959,479,1,1
960,480,1,0
961,480,1,1
962,481,1,0
963,481,1,1
964,482,1,0
965,482,1,1
966,483,1,0
967,483,1,1
968,484,1,0
969,484,1,1
970,485,1,0
971,485,1,1
972,486,1,0
973,486,1,1
974,487,1,0
975,487,1,1
976,488,1,0
977,488,1,1
978,489,1,0
979,489,1,1
980,490,1,0
981,490,1,1
982,491,1,0
983,491,1,1
984,492,1,0
985,492,1,1
986,493,1,0
987,493,1,1
988,494,1,0
989,494,1,1
990,495,1,0
991,495,1,1
992,496,1,0
993,496,1,1
994,497,1,0
995,497,1,1
996,498,1,0
997,498,1,1
998,499,1,0
999,499,1,1
1000,500,1,0
1001,500,1,1
1002,501,1,0
1003,501,1,1
1004,502,1,0
1005,502,1,1
1006,503,1,0
1007,503,1,1
1008,504,1,0
1009,504,1,1
1010,505,1,0
1011,505,1,1
1012,506,1,0
1013,506,1,1
1014,507,1,0
1015,507,1,1
1016,508,1,0
1017,508,1,1
1018,509,1,0
1019,509,1,1
1020,510,1,0
1021,510,1,1
1022,511,1,0
1023,511,1,1
1024,512,1,0
1025,512,1,1
1026,513,1,0
1027,513,1,1
1028,514,1,0
1029,514,1,1
1030,515,1,0
1031,515,1,1
1032,516,1,0
1033,516,1,1
1034,517,1,0
1035,517,1,1
1036,518,1,0
1037,518,1,1
1038,519,1,0
1039,519,1,1
1040,520,1,0
1041,520,1,1
1042,521,1,0
1043,521,1,1
1044,522,1,0
1045,522,1,1
1046,523,1,0
1047,523,1,1
1048,524,1,0
1049,524,1,1
1050,525,1,0
1051,525,1,1
1052,526,1,0
1053,526,1,1
1054,527,1,0
1055,527,1,1
1056,528,1,0
1057,528,1,1
1058,529,1,0
1059,529,1,1
1060,530,1,0
1061,530,1,1
1062,531,1,0
1063,531,1,1
1064,532,1,0
1065,532,1,1
1066,533,1,0
1067,533,1,1
1068,534,1,0
1069,534,1,1
1070,535,1,0
1071,535,1,1
1072,536,1,0
1073,536,1,1
1074,537,1,0
1075,537,1,1
1076,538,1,0
1077,538,1,1
1078,539,1,0
1079,539,1,1
1080,540,1,0
1081,540,1,1
1082,541,1,0
1083,541,1,1
1084,542,1,0
1085,542,1,1
1086,543,1,0
1087,543,1,1
1088,544,1,0
1089,544,1,1
1090,545,1,0
1091,545,1,1
1092,546,1,0
1093,546,1,1
1094,547,1,0
1095,547,1,1
1096,548,1,0
1097,548,1,1
1098,549,1,0
1099,549,1,1
1100,550,1,0
1101,550,1,1
1102,551,1,0
1103,551,1,1
1104,552,1,0
1105,552,1,1
1106,553,1,0
1107,553,1,1
1108,554,1,0
1109,554,1,1
1110,555,1,0
1111,555,1,1
1112,556,1,0
1113,556,1,1
1114,557,1,0
1115,557,1,1
1116,558,1,0
1117,558,1,1
1118,559,1,0
1119,559,1,1
1120,560,1,0
1121,560,1,1
1122,561,1,0
1123,561,1,1
1124,562,1,0
1125,562,1,1
1126,563,1,0
1127,563,1,1
1128,564,1,0
1129,564,1,1
1130,565,1,0
1131,565,1,1
1132,566,1,0
1133,566,1,1
1134,567,1,0
1135,567,1,1
1136,568,1,0
1137,568,1,1
1138,569,1,0
1139,569,1,1
1140,570,1,0
1141,570,1,1
1142,571,1,0
1143,571,1,1
1144,572,1,0
1145,572,1,1
1146,573,1,0
1147,573,1,1
1148,574,1,0
1149,574,1,1
1150,575,1,0
1151,575,1,1
1152,576,1,0
1153,576,1,1
1154,577,1,0
1155,577,1,1
1156,578,1,0
1157,578,1,1
1158,579,1,0
1159,579,1,1
1160,580,1,0
1161,580,1,1
1162,581,1,0
1163,581,1,1
1164,582,1,0
1165,582,1,1
1166,583,1,0
1167,583,1,1
1168,584,1,0
1169,584,1,1
1170,585,1,0
1171,585,1,1
1172,586,1,0
1173,586,1,1
1174,587,1,0
1175,587,1,1
1176,588,1,0
1177,588,1,1
1178,589,1,0
1179,589,1,1
1180,590,1,0
1181,590,1,1
1182,591,1,0
1183,591,1,1
1184,592,1,0
1185,592,1,1
1186,593,1,0
1187,593,1,1
1188,594,1,0
1189,594,1,1
1190,595,1,0
1191,595,1,1
1192,596,1,0
1193,596,1,1
1194,597,1,0
1195,597,1,1
1196,598,1,0
1197,598,1,1
1198,599,1,0
1199,599,1,1
1200,600,1,0
1201,600,1,1
1202,601,1,0
1203,601,1,1
1204,602,1,0
1205,602,1,1
1206,603,1,0
1207,603,1,1
1208,604,1,0
1209,604,1,1
1210,605,1,0
1211,605,1,1
1212,606,1,0
1213,606,1,1
1214,607,1,0
1215,607,1,1
1216,608,1,0
1217,608,1,1
1218,609,1,0
1219,609,1,1
1220,610,1,0
1221,610,1,1
1222,611,1,0
1223,611,1,1
1224,612,1,0
1225,612,1,1
1226,613,1,0
1227,613,1,1
1228,614,1,0
1229,614,1,1
1230,615,1,0
1231,615,1,1
1232,616,1,0
1233,616,1,1
1234,617,1,0
1235,617,1,1
1236,618,1,0
1237,618,1,1
1238,619,1,0
1239,619,1,1
1240,620,1,0
1241,620,1,1
1242,621,1,0
1243,621,1,1
1244,622,1,0
1245,622,1,1
1246,623,1,0
1247,623,1,1
1248,624,1,0
1249,624,1,1
1250,625,1,0
1251,625,1,1
1252,626,1,0
1253,626,1,1
1254,627,1,0
1255,627,1,1
1256,628,1,0
1257,628,1,1
1258,629,1,0
1259,629,1,1
1260,630,1,0
1261,630,1,1
1262,631,1,0
1263,631,1,1
1264,632,1,0
1265,632,1,1
1266,633,1,0
1267,633,1,1
1268,634,1,0
1269,634,1,1
1270,635,1,0
1271,635,1,1
1272,636,1,0
1273,636,1,1
1274,637,1,0
1275,637,1,1
1276,638,1,0
1277,638,1,1
1278,639,1,0
1279,639,1,1
1280,640,1,0
1281,640,1,1
1282,641,1,0
1283,641,1,1
1284,642,1,0
1285,642,1,1
1286,643,1,0
1287,643,1,1
1288,644,1,0
1289,644,1,1
1290,645,1,0
1291,645,1,1
1292,646,1,0
1293,646,1,1
1294,647,1,0
1295,647,1,1
1296,648,1,0
1297,648,1,1
1298,649,1,0
1299,649,1,1
1300,650,1,0
1301,650,1,1
1302,651,1,0
1303,651,1,1
1304,652,1,0
1305,652,1,1
1306,653,1,0
1307,653,1,1
1308,654,1,0
1309,654,1,1
1310,655,1,0
1311,655,1,1
1312,656,1,0
1313,656,1,1
1314,657,1,0
1315,657,1,1
1316,658,1,0
1317,658,1,1
1318,659,1,0
1319,659,1,1
1320,660,1,0
1321,660,1,1
1322,661,1,0
1323,661,1,1
1324,662,1,0
1325,662,1,1
1326,663,1,0
1327,663,1,1
1328,664,1,0
1329,664,1,1
1330,665,1,0
1331,665,1,1
1332,666,1,0
1333,666,1,1
1334,667,1,0
1335,667,1,1
1336,668,1,0
1337,668,1,1
1338,669,1,0
1339,669,1,1
1340,670,1,0
1341,670,1,1
1342,671,1,0
1343,671,1,1
1344,672,1,0
1345,672,1,1
1346,673,1,0
1347,673,1,1
1348,674,1,0
1349,674,1,1
1350,675,1,0
1351,675,1,1
1352,676,1,0
1353,676,1,1
1354,677,1,0
1355,677,1,1
1356,678,1,0
1357,678,1,1
1358,679,1,0
1359,679,1,1
1360,680,1,0
1361,680,1,1
1362,681,1,0
1363,681,1,1
1364,682,1,0
1365,682,1,1
1366,683,1,0
1367,683,1,1
1368,684,1,0
1369,684,1,1
1370,685,1,0
1371,685,1,1
1372,686,1,0
1373,686,1,1
1374,687,1,0
1375,687,1,1
1376,688,1,0
1377,688,1,1
1378,689,1,0
1379,689,1,1
1380,690,1,0
1381,690,1,1
1382,691,1,0
1383,691,1,1
1384,692,1,0
1385,692,1,1
1386,693,1,0
1387,693,1,1
1388,694,1,0
1389,694,1,1
1390,695,1,0
1391,695,1,1
1392,696,1,0
1393,696,1,1
1394,697,1,0
1395,697,1,1
1396,698,1,0
1397,698,1,1
1398,699,1,0
1399,699,1,1
1400,700,1,0
1401,700,1,1
1402,701,1,0
1403,701,1,1
1404,702,1,0
1405,702,1,1
1406,703,1,0
1407,703,1,1
1408,704,1,0
1409,704,1,1
1410,705,1,0
1411,705,1,1
1412,706,1,0
1413,706,1,1
1414,707,1,0
1415,707,1,1
1416,708,1,0
1417,708,1,1
1418,709,1,0
1419,709,1,1
1420,710,1,0
1421,710,1,1
1422,711,1,0
1423,711,1,1
1424,712,1,0
1425,712,1,1
1426,713,1,0
1427,713,1,1
1428,714,1,0
1429,714,1,1
1430,715,1,0
1431,715,1,1
1432,716,1,0
1433,716,1,1
1434,717,1,0
1435,717,1,1
1436,718,1,0
1437,718,1,1
1438,719,1,0
1439,719,1,1
1440,720,1,0
1441,720,1,1
1442,721,1,0
1443,721,1,1
1444,722,1,0
1445,722,1,1
1446,723,1,0
1447,723,1,1
1448,724,1,0
1449,724,1,1
1450,725,1,0
1451,725,1,1
1452,726,1,0
1453,726,1,1
1454,727,1,0
1455,727,1,1
1456,728,1,0
1457,728,1,1
1458,729,1,0
1459,729,1,1
1460,730,1,0
1461,730,1,1
1462,731,1,0
1463,731,1,1
1464,732,1,0
1465,732,1,1
1466,733,1,0
1467,733,1,1
1468,734,1,0
1469,734,1,1
1470,735,1,0
1471,735,1,1
1472,736,1,0
1473,736,1,1
1474,737,1,0
1475,737,1,1
1476,738,1,0
1477,738,1,1
1478,739,1,0
1479,739,1,1
1480,740,1,0
1481,740,1,1
1482,741,1,0
1483,741,1,1
1484,742,1,0
1485,742,1,1
1486,743,1,0
1487,743,1,1
1488,744,1,0
1489,744,1,1
1490,745,1,0
1491,745,1,1
1492,746,1,0
1493,746,1,1
1494,747,1,0
1495,747,1,1
1496,748,1,0
1497,748,1,1
1498,749,1,0
1499,749,1,1
1500,750,1,0
1501,750,1,1
1502,751,1,0
1503,751,1,1
1504,752,1,0
1505,752,1,1
1506,753,1,0
1507,753,1,1
1508,754,1,0
1509,754,1,1
1510,755,1,0
1511,755,1,1
1512,756,1,0
1513,756,1,1
1514,757,1,0
1515,757,1,1
1516,758,1,0
1517,758,1,1
1518,759,1,0
1519,759,1,1
1520,760,1,0
1521,760,1,1
1522,761,1,0
1523,761,1,1
1524,762,1,0
1525,762,1,1
1526,763,1,0
1527,763,1,1
1528,764,1,0
1529,764,1,1
1530,765,1,0
1531,765,1,1
1532,766,1,0
1533,766,1,1
1534,767,1,0
1535,767,1,1
1536,768,1,0
1537,768,1,1
1538,769,1,0
1539,769,1,1
1540,770,1,0
1541,770,1,1
1542,771,1,0
1543,771,1,1
1544,772,1,0
1545,772,1,1
1546,773,1,0
1547,773,1,1
1548,774,1,0
1549,774,1,1
1550,775,1,0
1551,775,1,1
1552,776,1,0
1553,776,1,1
1554,777,1,0
1555,777,1,1
1556,778,1,0
1557,778,1,1
1558,779,1,0
1559,779,1,1
1560,780,1,0
1561,780,1,1
1562,781,1,0
1563,781,1,1
1564,782,1,0
1565,782,1,1
1566,783,1,0
1567,783,1,1
1568,784,1,0
1569,784,1,1
1570,785,1,0
1571,785,1,1
1572,786,1,0
1573,786,1,1
1574,787,1,0
1575,787,1,1
1576,788,1,0
1577,788,1,1
1578,789,1,0
1579,789,1,1
1580,790,1,0
1581,790,1,1
1582,791,1,0
1583,791,1,1
1584,792,1,0
1585,792,1,1
1586,793,1,0
1587,793,1,1
1588,794,1,0
1589,794,1,1
1590,795,1,0
1591,795,1,1
1592,796,1,0
1593,796,1,1
1594,797,1,0
1595,797,1,1
1596,798,1,0
1597,798,1,1
1598,799,1,0
1599,799,1,1
1600,800,1,0
1601,800,1,1
1602,801,1,0
1603,801,1,1
1604,802,1,0
1605,802,1,1
1606,803,1,0
1607,803,1,1
1608,804,1,0
1609,804,1,1
1610,805,1,0
1611,805,1,1
1612,806,1,0
1613,806,1,1
1614,807,1,0
1615,807,1,1
1616,808,1,0
1617,808,1,1
1618,809,1,0
1619,809,1,1
1620,810,1,0
1621,810,1,1
1622,811,1,0
1623,811,1,1
1624,812,1,0
1625,812,1,1
1626,813,1,0
1627,813,1,1
1628,814,1,0
1629,814,1,1
1630,815,1,0
1631,815,1,1
1632,816,1,0
1633,816,1,1
1634,817,1,0
1635,817,1,1
1636,818,1,0
1637,818,1,1
1638,819,1,0
1639,819,1,1
1640,820,1,0
1641,820,1,1
1642,821,1,0
1643,821,1,1
1644,822,1,0
1645,822,1,1
1646,823,1,0
1647,823,1,1
1648,824,1,0
1649,824,1,1
1650,825,1,0
1651,825,1,1
1652,826,1,0
1653,826,1,1
1654,827,1,0
1655,827,1,1
1656,828,1,0
1657,828,1,1
1658,829,1,0
1659,829,1,1
1660,830,1,0
1661,830,1,1
1662,831,1,0
1663,831,1,1
1664,832,1,0
1665,832,1,1
1666,833,1,0
1667,833,1,1
1668,834,1,0
1669,834,1,1
1670,835,1,0
1671,835,1,1
1672,836,1,0
1673,836,1,1
1674,837,1,0
1675,837,1,1
1676,838,1,0
1677,838,1,1
1678,839,1,0
1679,839,1,1
1680,840,1,0
1681,840,1,1
1682,841,1,0
1683,841,1,1
1684,842,1,0
1685,842,1,1
1686,843,1,0
1687,843,1,1
1688,844,1,0
1689,844,1,1
1690,845,1,0
1691,845,1,1
1692,846,1,0
1693,846,1,1
1694,847,1,0
1695,847,1,1
1696,848,1,0
1697,848,1,1
1698,849,1,0
1699,849,1,1
1700,850,1,0
1701,850,1,1
1702,851,1,0
1703,851,1,1
1704,852,1,0
1705,852,1,1
1706,853,1,0
1707,853,1,1
1708,854,1,0
1709,854,1,1
1710,855,1,0
1711,855,1,1
1712,856,1,0
1713,856,1,1
1714,857,1,0
1715,857,1,1
1716,858,1,0
1717,858,1,1
1718,859,1,0
1719,859,1,1
1720,860,1,0
1721,860,1,1
1722,861,1,0
1723,861,1,1
1724,862,1,0
1725,862,1,1
1726,863,1,0
1727,863,1,1
1728,864,1,0
1729,864,1,1
1730,865,1,0
1731,865,1,1
1732,866,1,0
1733,866,1,1
1734,867,1,0
1735,867,1,1
1736,868,1,0
1737,868,1,1
1738,869,1,0
1739,869,1,1
1740,870,1,0
1741,870,1,1
1742,871,1,0
1743,871,1,1
1744,872,1,0
1745,872,1,1
1746,873,1,0
1747,873,1,1
1748,874,1,0
1749,874,1,1
1750,875,1,0
1751,875,1,1
1752,876,1,0
1753,876,1,1
1754,877,1,0
1755,877,1,1
1756,878,1,0
1757,878,1,1
1758,879,1,0
1759,879,1,1
1760,880,1,0
1761,880,1,1
1762,881,1,0
1763,881,1,1
1764,882,1,0
1765,882,1,1
1766,883,1,0
1767,883,1,1
1768,884,1,0
1769,884,1,1
1770,885,1,0
1771,885,1,1
1772,886,1,0
1773,886,1,1
1774,887,1,0
1775,887,1,1
1776,888,1,0
1777,888,1,1
1778,889,1,0
1779,889,1,1
1780,890,1,0
1781,890,1,1
1782,891,1,0
1783,891,1,1
1784,892,1,0
1785,892,1,1
1786,893,1,0
1787,893,1,1
1788,894,1,0
1789,894,1,1
1790,895,1,0
1791,895,1,1
1792,896,1,0
1793,896,1,1
1794,897,1,0
1795,897,1,1
1796,898,1,0
1797,898,1,1
1798,899,1,0
1799,899,1,1
1800,900,1,0
1801,900,1,1
1802,901,1,0
1803,901,1,1
1804,902,1,0
1805,902,1,1
1806,903,1,0
1807,903,1,1
1808,904,1,0
1809,904,1,1
1810,905,1,0
1811,905,1,1
1812,906,1,0
1813,906,1,1
1814,907,1,0
1815,907,1,1
1816,908,1,0
1817,908,1,1
1818,909,1,0
1819,909,1,1
1820,910,1,0
1821,910,1,1
1822,911,1,0
1823,911,1,1
1824,912,1,0
1825,912,1,1
1826,913,1,0
1827,913,1,1
1828,914,1,0
1829,914,1,1
1830,915,1,0
1831,915,1,1
1832,916,1,0
1833,916,1,1
1834,917,1,0
1835,917,1,1
1836,918,1,0
1837,918,1,1
1838,919,1,0
1839,919,1,1
1840,920,1,0
1841,920,1,1
1842,921,1,0
1843,921,1,1
1844,922,1,0
1845,922,1,1
1846,923,1,0
1847,923,1,1
1848,924,1,0
1849,924,1,1
1850,925,1,0
1851,925,1,1
1852,926,1,0
1853,926,1,1
1854,927,1,0
1855,927,1,1
1856,928,1,0
1857,928,1,1
1858,929,1,0
1859,929,1,1
1860,930,1,0
1861,930,1,1
1862,931,1,0
1863,931,1,1
1864,932,1,0
1865,932,1,1
1866,933,1,0
1867,933,1,1
1868,934,1,0
1869,934,1,1
1870,935,1,0
1871,935,1,1
1872,936,1,0
1873,936,1,1
1874,937,1,0
1875,937,1,1
1876,938,1,0
1877,938,1,1
1878,939,1,0
1879,939,1,1
1880,940,1,0
1881,940,1,1
1882,941,1,0
1883,941,1,1
1884,942,1,0
1885,942,1,1
1886,943,1,0
1887,943,1,1
1888,944,1,0
1889,944,1,1
1890,945,1,0
1891,945,1,1
1892,946,1,0
1893,946,1,1
1894,947,1,0
1895,947,1,1
1896,948,1,0
1897,948,1,1
1898,949,1,0
1899,949,1,1
1900,950,1,0
1901,950,1,1
1902,951,1,0
1903,951,1,1
1904,952,1,0
1905,952,1,1
1906,953,1,0
1907,953,1,1
1908,954,1,0
1909,954,1,1
1910,955,1,0
1911,955,1,1
1912,956,1,0
1913,956,1,1
1914,957,1,0
1915,957,1,1
1916,958,1,0
1917,958,1,1
1918,959,1,0
1919,959,1,1
1920,960,1,0
1921,960,1,1
1922,961,1,0
1923,961,1,1
1924,962,1,0
1925,962,1,1
1926,963,1,0
1927,963,1,1
1928,964,1,0
1929,964,1,1
1930,965,1,0
1931,965,1,1
1932,966,1,0
1933,966,1,1
1934,967,1,0
1935,967,1,1
1936,968,1,0
1937,968,1,1
1938,969,1,0
1939,969,1,1
1940,970,1,0
1941,970,1,1
1942,971,1,0
1943,971,1,1
1944,972,1,0
1945,972,1,1
1946,973,1,0
1947,973,1,1
1948,974,1,0
1949,974,1,1
1950,975,1,0
1951,975,1,1
1952,976,1,0
1953,976,1,1
1954,977,1,0
1955,977,1,1
1956,978,1,0
1957,978,1,1
1958,979,1,0
1959,979,1,1
1960,980,1,0
1961,980,1,1
1962,981,1,0
1963,981,1,1
1964,982,1,0
1965,982,1,1
1966,983,1,0
1967,983,1,1
1968,984,1,0
1969,984,1,1
1970,985,1,0
1971,985,1,1
1972,986,1,0
1973,986,1,1
1974,987,1,0
1975,987,1,1
1976,988,1,0
1977,988,1,1
1978,989,1,0
1979,989,1,1
1980,990,1,0
1981,990,1,1
1982,991,1,0
1983,991,1,1
1984,992,1,0
1985,992,1,1
1986,993,1,0
1987,993,1,1
1988,994,1,0
1989,994,1,1
1990,995,1,0
1991,995,1,1
1992,996,1,0
1993,996,1,1
1994,997,1,0
1995,997,1,1
1996,998,1,0
1997,998,1,1
1998,999,1,0
1999,999,1,1
2000,1000,1,0
2001,1000,1,1
2002,1001,1,0
2003,1001,1,1
2004,1002,1,0
2005,1002,1,1
2006,1003,1,0
2007,1003,1,1
2008,1004,1,0
2009,1004,1,1
2010,1005,1,0
2011,1005,1,1
2012,1006,1,0
2013,1006,1,1
2014,1007,1,0
2015,1007,1,1
2016,1008,1,0
2017,1008,1,1
2018,1009,1,0
2019,1009,1,1
2020,1010,1,0
2021,1010,1,1
2022,1011,1,0
2023,1011,1,1
2024,1012,1,0
2025,1012,1,1
2026,1013,1,0
2027,1013,1,1
2028,1014,1,0
2029,1014,1,1
2030,1015,1,0
2031,1015,1,1
2032,1016,1,0
2033,1016,1,1
2034,1017,1,0
2035,1017,1,1
2036,1018,1,0
2037,1018,1,1
2038,1019,1,0
2039,1019,1,1
2040,1020,1,0
2041,1020,1,1
2042,1021,1,0
2043,1021,1,1
2044,1022,1,0
2045,1022,1,1
2046,1023,1,0
2047,1023,1,1
2048,1024,1,0
2049,1024,1,1
2050,1025,1,0
2051,1025,1,1
2052,1026,1,0
2053,1026,1,1
2054,1027,1,0
2055,1027,1,1
2056,1028,1,0
2057,1028,1,1
2058,1029,1,0
2059,1029,1,1
2060,1030,1,0
2061,1030,1,1
2062,1031,1,0
2063,1031,1,1
2064,1032,1,0
2065,1032,1,1
2066,1033,1,0
2067,1033,1,1
2068,1034,1,0
2069,1034,1,1
2070,1035,1,0
2071,1035,1,1
2072,1036,1,0
2073,1036,1,1
2074,1037,1,0
2075,1037,1,1
2076,1038,1,0
2077,1038,1,1
2078,1039,1,0
2079,1039,1,1
2080,1040,1,0
2081,1040,1,1
2082,1041,1,0
2083,1041,1,1
2084,1042,1,0
2085,1042,1,1
2086,1043,1,0
2087,1043,1,1
2088,1044,1,0
2089,1044,1,1
2090,1045,1,0
2091,1045,1,1
2092,1046,1,0
2093,1046,1,1
2094,1047,1,0
2095,1047,1,1
2096,1048,1,0
2097,1048,1,1
2098,1049,1,0
2099,1049,1,1
2100,1050,1,0
2101,1050,1,1
2102,1051,1,0
2103,1051,1,1
2104,1052,1,0
2105,1052,1,1
2106,1053,1,0
2107,1053,1,1
2108,1054,1,0
2109,1054,1,1
2110,1055,1,0
2111,1055,1,1
2112,1056,1,0
2113,1056,1,1
2114,1057,1,0
2115,1057,1,1
2116,1058,1,0
2117,1058,1,1
2118,1059,1,0
2119,1059,1,1
2120,1060,1,0
2121,1060,1,1
2122,1061,1,0
2123,1061,1,1
2124,1062,1,0
2125,1062,1,1
2126,1063,1,0
2127,1063,1,1
2128,1064,1,0
2129,1064,1,1
2130,1065,1,0
2131,1065,1,1
2132,1066,1,0
2133,1066,1,1
2134,1067,1,0
2135,1067,1,1
2136,1068,1,0
2137,1068,1,1
2138,1069,1,0
2139,1069,1,1
2140,1070,1,0
2141,1070,1,1
2142,1071,1,0
2143,1071,1,1
2144,1072,1,0
2145,1072,1,1
2146,1073,1,0
2147,1073,1,1
2148,1074,1,0
2149,1074,1,1
2150,1075,1,0
2151,1075,1,1
2152,1076,1,0
2153,1076,1,1
2154,1077,1,0
2155,1077,1,1
2156,1078,1,0
2157,1078,1,1
2158,1079,1,0
2159,1079,1,1
2160,1080,1,0
2161,1080,1,1
2162,1081,1,0
2163,1081,1,1
2164,1082,1,0
2165,1082,1,1
2166,1083,1,0
2167,1083,1,1
2168,1084,1,0
2169,1084,1,1
2170,1085,1,0
2171,1085,1,1
2172,1086,1,0
2173,1086,1,1
2174,1087,1,0
2175,1087,1,1
2176,1088,1,0
2177,1088,1,1
2178,1089,1,0
2179,1089,1,1
2180,1090,1,0
2181,1090,1,1
2182,1091,1,0
2183,1091,1,1
2184,1092,1,0
2185,1092,1,1
2186,1093,1,0
2187,1093,1,1
2188,1094,1,0
2189,1094,1,1
2190,1095,1,0
2191,1095,1,1
2192,1096,1,0
2193,1096,1,1
2194,1097,1,0
2195,1097,1,1
2196,1098,1,0
2197,1098,1,1
2198,1099,1,0
2199,1099,1,1
2200,1100,1,0
2201,1100,1,1
2202,1101,1,0
2203,1101,1,1
2204,1102,1,0
2205,1102,1,1
2206,1103,1,0
2207,1103,1,1
2208,1104,1,0
2209,1104,1,1
2210,1105,1,0
2211,1105,1,1
2212,1106,1,0
2213,1106,1,1
2214,1107,1,0
2215,1107,1,1
2216,1108,1,0
2217,1108,1,1
2218,1109,1,0
2219,1109,1,1
2220,1110,1,0
2221,1110,1,1
2222,1111,1,0
2223,1111,1,1
2224,1112,1,0
2225,1112,1,1
2226,1113,1,0
2227,1113,1,1
2228,1114,1,0
2229,1114,1,1
2230,1115,1,0
2231,1115,1,1
2232,1116,1,0
2233,1116,1,1
2234,1117,1,0
2235,1117,1,1
2236,1118,1,0
2237,1118,1,1
2238,1119,1,0
2239,1119,1,1
2240,1120,1,0
2241,1120,1,1
2242,1121,1,0
2243,1121,1,1
2244,1122,1,0
2245,1122,1,1
2246,1123,1,0
2247,1123,1,1
2248,1124,1,0
2249,1124,1,1
2250,1125,1,0
2251,1125,1,1
2252,1126,1,0
2253,1126,1,1
2254,1127,1,0
2255,1127,1,1
2256,1128,1,0
2257,1128,1,1
2258,1129,1,0
2259,1129,1,1
2260,1130,1,0
2261,1130,1,1
2262,1131,1,0
2263,1131,1,1
2264,1132,1,0
2265,1132,1,1
2266,1133,1,0
2267,1133,1,1
2268,1134,1,0
2269,1134,1,1
2270,1135,1,0
2271,1135,1,1
2272,1136,1,0
2273,1136,1,1
2274,1137,1,0
2275,1137,1,1
2276,1138,1,0
2277,1138,1,1
2278,1139,1,0
2279,1139,1,1
2280,1140,1,0
2281,1140,1,1
2282,1141,1,0
2283,1141,1,1
2284,1142,1,0
2285,1142,1,1
2286,1143,1,0
2287,1143,1,1
2288,1144,1,0
2289,1144,1,1
2290,1145,1,0
2291,1145,1,1
2292,1146,1,0
2293,1146,1,1
2294,1147,1,0
2295,1147,1,1
2296,1148,1,0
2297,1148,1,1
2298,1149,1,0
2299,1149,1,1
2300,1150,1,0
2301,1150,1,1
2302,1151,1,0
2303,1151,1,1
2304,1152,1,0
2305,1152,1,1
2306,1153,1,0
2307,1153,1,1
2308,1154,1,0
2309,1154,1,1
2310,1155,1,0
2311,1155,1,1
2312,1156,1,0
2313,1156,1,1
2314,1157,1,0
2315,1157,1,1
2316,1158,1,0
2317,1158,1,1
2318,1159,1,0
2319,1159,1,1
2320,1160,1,0
2321,1160,1,1
2322,1161,1,0
2323,1161,1,1
2324,1162,1,0
2325,1162,1,1
2326,1163,1,0
2327,1163,1,1
2328,1164,1,0
2329,1164,1,1
2330,1165,1,0
2331,1165,1,1
2332,1166,1,0
2333,1166,1,1
2334,1167,1,0
2335,1167,1,1
2336,1168,1,0
2337,1168,1,1
2338,1169,1,0
2339,1169,1,1
2340,1170,1,0
2341,1170,1,1
2342,1171,1,0
2343,1171,1,1
2344,1172,1,0
2345,1172,1,1
2346,1173,1,0
2347,1173,1,1
2348,1174,1,0
2349,1174,1,1
2350,1175,1,0
2351,1175,1,1
2352,1176,1,0
2353,1176,1,1
2354,1177,1,0
2355,1177,1,1
2356,1178,1,0
2357,1178,1,1
2358,1179,1,0
2359,1179,1,1
2360,1180,1,0
2361,1180,1,1
2362,1181,1,0
2363,1181,1,1
2364,1182,1,0
2365,1182,1,1
2366,1183,1,0
2367,1183,1,1
2368,1184,1,0
2369,1184,1,1
2370,1185,1,0
2371,1185,1,1
2372,1186,1,0
2373,1186,1,1
2374,1187,1,0
2375,1187,1,1
2376,1188,1,0
2377,1188,1,1
2378,1189,1,0
2379,1189,1,1
2380,1190,1,0
2381,1190,1,1
2382,1191,1,0
2383,1191,1,1
2384,1192,1,0
2385,1192,1,1
2386,1193,1,0
2387,1193,1,1
2388,1194,1,0
2389,1194,1,1
2390,1195,1,0
2391,1195,1,1
2392,1196,1,0
2393,1196,1,1
2394,1197,1,0
2395,1197,1,1
2396,1198,1,0
2397,1198,1,1
2398,1199,1,0
2399,1199,1,1
2400,1200,1,0
2401,1200,1,1
2402,1201,1,0
2403,1201,1,1
2404,1202,1,0
2405,1202,1,1
2406,1203,1,0
2407,1203,1,1
2408,1204,1,0
2409,1204,1,1
2410,1205,1,0
2411,1205,1,1
2412,1206,1,0
2413,1206,1,1
2414,1207,1,0
2415,1207,1,1
2416,1208,1,0
2417,1208,1,1
2418,1209,1,0
2419,1209,1,1
2420,1210,1,0
2421,1210,1,1
2422,1211,1,0
2423,1211,1,1
2424,1212,1,0
2425,1212,1,1
2426,1213,1,0
2427,1213,1,1
2428,1214,1,0
2429,1214,1,1
2430,1215,1,0
2431,1215,1,1
2432,1216,1,0
2433,1216,1,1
2434,1217,1,0
2435,1217,1,1
2436,1218,1,0
2437,1218,1,1
2438,1219,1,0
2439,1219,1,1
2440,1220,1,0
2441,1220,1,1
2442,1221,1,0
2443,1221,1,1
2444,1222,1,0
2445,1222,1,1
2446,1223,1,0
2447,1223,1,1
2448,1224,1,0
2449,1224,1,1
2450,1225,1,0
2451,1225,1,1
2452,1226,1,0
2453,1226,1,1
2454,1227,1,0
2455,1227,1,1
2456,1228,1,0
2457,1228,1,1
2458,1229,1,0
2459,1229,1,1
2460,1230,1,0
2461,1230,1,1
2462,1231,1,0
2463,1231,1,1
2464,1232,1,0
2465,1232,1,1
2466,1233,1,0
2467,1233,1,1
2468,1234,1,0
2469,1234,1,1
2470,1235,1,0
2471,1235,1,1
2472,1236,1,0
2473,1236,1,1
2474,1237,1,0
2475,1237,1,1
2476,1238,1,0
2477,1238,1,1
2478,1239,1,0
2479,1239,1,1
2480,1240,1,0
2481,1240,1,1
2482,1241,1,0
2483,1241,1,1
2484,1242,1,0
2485,1242,1,1
2486,1243,1,0
2487,1243,1,1
2488,1244,1,0
2489,1244,1,1
2490,1245,1,0
2491,1245,1,1
2492,1246,1,0
2493,1246,1,1
2494,1247,1,0
2495,1247,1,1
2496,1248,1,0
2497,1248,1,1
2498,1249,1,0
2499,1249,1,1
2500,1250,1,0
2501,1250,1,1
2502,1251,1,0
2503,1251,1,1
2504,1252,1,0
2505,1252,1,1
2506,1253,1,0
2507,1253,1,1
2508,1254,1,0
2509,1254,1,1
2510,1255,1,0
2511,1255,1,1
2512,1256,1,0
2513,1256,1,1
2514,1257,1,0
2515,1257,1,1
2516,1258,1,0
2517,1258,1,1
2518,1259,1,0
2519,1259,1,1
2520,1260,1,0
2521,1260,1,1
2522,1261,1,0
2523,1261,1,1
2524,1262,1,0
2525,1262,1,1
2526,1263,1,0
2527,1263,1,1
2528,1264,1,0
2529,1264,1,1
2530,1265,1,0
2531,1265,1,1
2532,1266,1,0
2533,1266,1,1
2534,1267,1,0
2535,1267,1,1
2536,1268,1,0
2537,1268,1,1
2538,1269,1,0
2539,1269,1,1
2540,1270,1,0
2541,1270,1,1
2542,1271,1,0
2543,1271,1,1
2544,1272,1,0
2545,1272,1,1
2546,1273,1,0
2547,1273,1,1
2548,1274,1,0
2549,1274,1,1
2550,1275,1,0
2551,1275,1,1
2552,1276,1,0
2553,1276,1,1
2554,1277,1,0
2555,1277,1,1
2556,1278,1,0
2557,1278,1,1
2558,1279,1,0
2559,1279,1,1
2560,1280,1,0
2561,1280,1,1
2562,1281,1,0
2563,1281,1,1
2564,1282,1,0
2565,1282,1,1
2566,1283,1,0
2567,1283,1,1
2568,1284,1,0
2569,1284,1,1
2570,1285,1,0
2571,1285,1,1
2572,1286,1,0
2573,1286,1,1
2574,1287,1,0
2575,1287,1,1
2576,1288,1,0
2577,1288,1,1
2578,1289,1,0
2579,1289,1,1
2580,1290,1,0
2581,1290,1,1
2582,1291,1,0
2583,1291,1,1
2584,1292,1,0
2585,1292,1,1
2586,1293,1,0
2587,1293,1,1
2588,1294,1,0
2589,1294,1,1
2590,1295,1,0
2591,1295,1,1
2592,1296,1,0
2593,1296,1,1
2594,1297,1,0
2595,1297,1,1
2596,1298,1,0
2597,1298,1,1
2598,1299,1,0
2599,1299,1,1
2600,1300,1,0
2601,1300,1,1
2602,1301,1,0
2603,1301,1,1
2604,1302,1,0
2605,1302,1,1
2606,1303,1,0
2607,1303,1,1
2608,1304,1,0
2609,1304,1,1
2610,1305,1,0
2611,1305,1,1
2612,1306,1,0
2613,1306,1,1
2614,1307,1,0
2615,1307,1,1
2616,1308,1,0
2617,1308,1,1
2618,1309,1,0
2619,1309,1,1
2620,1310,1,0
2621,1310,1,1
2622,1311,1,0
2623,1311,1,1
2624,1312,1,0
2625,1312,1,1
2626,1313,1,0
2627,1313,1,1
2628,1314,1,0
2629,1314,1,1
2630,1315,1,0
2631,1315,1,1
2632,1316,1,0
2633,1316,1,1
2634,1317,1,0
2635,1317,1,1
2636,1318,1,0
2637,1318,1,1
2638,1319,1,0
2639,1319,1,1
2640,1320,1,0
2641,1320,1,1
2642,1321,1,0
2643,1321,1,1
2644,1322,1,0
2645,1322,1,1
2646,1323,1,0
2647,1323,1,1
2648,1324,1,0
2649,1324,1,1
2650,1325,1,0
2651,1325,1,1
2652,1326,1,0
2653,1326,1,1
2654,1327,1,0
2655,1327,1,1
2656,1328,1,0
2657,1328,1,1
2658,1329,1,0
2659,1329,1,1
2660,1330,1,0
2661,1330,1,1
2662,1331,1,0
2663,1331,1,1
2664,1332,1,0
2665,1332,1,1
2666,1333,1,0
2667,1333,1,1
2668,1334,1,0
2669,1334,1,1
2670,1335,1,0
2671,1335,1,1
2672,1336,1,0
2673,1336,1,1
2674,1337,1,0
2675,1337,1,1
2676,1338,1,0
2677,1338,1,1
2678,1339,1,0
2679,1339,1,1
2680,1340,1,0
2681,1340,1,1
2682,1341,1,0
2683,1341,1,1
2684,1342,1,0
2685,1342,1,1
2686,1343,1,0
2687,1343,1,1
2688,1344,1,0
2689,1344,1,1
2690,1345,1,0
2691,1345,1,1
2692,1346,1,0
2693,1346,1,1
2694,1347,1,0
2695,1347,1,1
2696,1348,1,0
2697,1348,1,1
2698,1349,1,0
2699,1349,1,1
2700,1350,1,0
2701,1350,1,1
2702,1351,1,0
2703,1351,1,1
2704,1352,1,0
2705,1352,1,1
2706,1353,1,0
2707,1353,1,1
2708,1354,1,0
2709,1354,1,1
2710,1355,1,0
2711,1355,1,1
2712,1356,1,0
2713,1356,1,1
2714,1357,1,0
2715,1357,1,1
2716,1358,1,0
2717,1358,1,1
2718,1359,1,0
2719,1359,1,1
2720,1360,1,0
2721,1360,1,1
2722,1361,1,0
2723,1361,1,1
2724,1362,1,0
2725,1362,1,1
2726,1363,1,0
2727,1363,1,1
2728,1364,1,0
2729,1364,1,1
2730,1365,1,0
2731,1365,1,1
2732,1366,1,0
2733,1366,1,1
2734,1367,1,0
2735,1367,1,1
2736,1368,1,0
2737,1368,1,1
2738,1369,1,0
2739,1369,1,1
2740,1370,1,0
2741,1370,1,1
2742,1371,1,0
2743,1371,1,1
2744,1372,1,0
2745,1372,1,1
2746,1373,1,0
2747,1373,1,1
2748,1374,1,0
2749,1374,1,1
2750,1375,1,0
2751,1375,1,1
2752,1376,1,0
2753,1376,1,1
2754,1377,1,0
2755,1377,1,1
2756,1378,1,0
2757,1378,1,1
2758,1379,1,0
2759,1379,1,1
2760,1380,1,0
2761,1380,1,1
2762,1381,1,0
2763,1381,1,1
2764,1382,1,0
2765,1382,1,1
2766,1383,1,0
2767,1383,1,1
2768,1384,1,0
2769,1384,1,1
2770,1385,1,0
2771,1385,1,1
2772,1386,1,0
2773,1386,1,1
2774,1387,1,0
2775,1387,1,1
2776,1388,1,0
2777,1388,1,1
2778,1389,1,0
2779,1389,1,1
2780,1390,1,0
2781,1390,1,1
2782,1391,1,0
2783,1391,1,1
2784,1392,1,0
2785,1392,1,1
2786,1393,1,0
2787,1393,1,1
2788,1394,1,0
2789,1394,1,1
2790,1395,1,0
2791,1395,1,1
2792,1396,1,0
2793,1396,1,1
2794,1397,1,0
2795,1397,1,1
2796,1398,1,0
2797,1398,1,1
2798,1399,1,0
2799,1399,1,1
2800,1400,1,0
2801,1400,1,1
2802,1401,1,0
2803,1401,1,1
2804,1402,1,0
2805,1402,1,1
2806,1403,1,0
2807,1403,1,1
2808,1404,1,0
2809,1404,1,1
2810,1405,1,0
2811,1405,1,1
2812,1406,1,0
2813,1406,1,1
2814,1407,1,0
2815,1407,1,1
2816,1408,1,0
2817,1408,1,1
2818,1409,1,0
2819,1409,1,1
2820,1410,1,0
2821,1410,1,1
2822,1411,1,0
2823,1411,1,1
2824,1412,1,0
2825,1412,1,1
2826,1413,1,0
2827,1413,1,1
2828,1414,1,0
2829,1414,1,1
2830,1415,1,0
2831,1415,1,1
2832,1416,1,0
2833,1416,1,1
2834,1417,1,0
2835,1417,1,1
2836,1418,1,0
2837,1418,1,1
2838,1419,1,0
2839,1419,1,1
2840,1420,1,0
2841,1420,1,1
2842,1421,1,0
2843,1421,1,1
2844,1422,1,0
2845,1422,1,1
2846,1423,1,0
2847,1423,1,1
2848,1424,1,0
2849,1424,1,1
2850,1425,1,0
2851,1425,1,1
2852,1426,1,0
2853,1426,1,1
2854,1427,1,0
2855,1427,1,1
2856,1428,1,0
2857,1428,1,1
2858,1429,1,0
2859,1429,1,1
2860,1430,1,0
2861,1430,1,1
2862,1431,1,0
2863,1431,1,1
2864,1432,1,0
2865,1432,1,1
2866,1433,1,0
2867,1433,1,1
2868,1434,1,0
2869,1434,1,1
2870,1435,1,0
2871,1435,1,1
2872,1436,1,0
2873,1436,1,1
2874,1437,1,0
2875,1437,1,1
2876,1438,1,0
2877,1438,1,1
2878,1439,1,0
2879,1439,1,1
2880,1440,1,0
2881,1440,1,1
2882,1441,1,0
2883,1441,1,1
2884,1442,1,0
2885,1442,1,1
2886,1443,1,0
2887,1443,1,1
2888,1444,1,0
2889,1444,1,1
2890,1445,1,0
2891,1445,1,1
2892,1446,1,0
2893,1446,1,1
2894,1447,1,0
2895,1447,1,1
2896,1448,1,0
2897,1448,1,1
2898,1449,1,0
2899,1449,1,1
2900,1450,1,0
2901,1450,1,1
2902,1451,1,0
2903,1451,1,1
2904,1452,1,0
2905,1452,1,1
2906,1453,1,0
2907,1453,1,1
2908,1454,1,0
2909,1454,1,1
2910,1455,1,0
2911,1455,1,1
2912,1456,1,0
2913,1456,1,1
2914,1457,1,0
2915,1457,1,1
2916,1458,1,0
2917,1458,1,1
2918,1459,1,0
2919,1459,1,1
2920,1460,1,0
2921,1460,1,1
2922,1461,1,0
2923,1461,1,1
2924,1462,1,0
2925,1462,1,1
2926,1463,1,0
2927,1463,1,1
2928,1464,1,0
2929,1464,1,1
2930,1465,1,0
2931,1465,1,1
2932,1466,1,0
2933,1466,1,1
2934,1467,1,0
2935,1467,1,1
2936,1468,1,0
2937,1468,1,1
2938,1469,1,0
2939,1469,1,1
2940,1470,1,0
2941,1470,1,1
2942,1471,1,0
2943,1471,1,1
2944,1472,1,0
2945,1472,1,1
2946,1473,1,0
2947,1473,1,1
2948,1474,1,0
2949,1474,1,1
2950,1475,1,0
2951,1475,1,1
2952,1476,1,0
2953,1476,1,1
2954,1477,1,0
2955,1477,1,1
2956,1478,1,0
2957,1478,1,1
2958,1479,1,0
2959,1479,1,1
2960,1480,1,0
2961,1480,1,1
2962,1481,1,0
2963,1481,1,1
2964,1482,1,0
2965,1482,1,1
2966,1483,1,0
2967,1483,1,1
2968,1484,1,0
2969,1484,1,1
2970,1485,1,0
2971,1485,1,1
2972,1486,1,0
2973,1486,1,1
2974,1487,1,0
2975,1487,1,1
2976,1488,1,0
2977,1488,1,1
2978,1489,1,0
2979,1489,1,1
2980,1490,1,0
2981,1490,1,1
2982,1491,1,0
2983,1491,1,1
2984,1492,1,0
2985,1492,1,1
2986,1493,1,0
2987,1493,1,1
2988,1494,1,0
2989,1494,1,1
2990,1495,1,0
2991,1495,1,1
2992,1496,1,0
2993,1496,1,1
2994,1497,1,0
2995,1497,1,1
2996,1498,1,0
2997,1498,1,1
2998,1499,1,0
2999,1499,1,1
3000,1500,1,0
3001,1500,1,1
3002,1501,1,0
3003,1501,1,1
3004,1502,1,0
3005,1502,1,1
3006,1503,1,0
3007,1503,1,1
3008,1504,1,0
3009,1504,1,1
3010,1505,1,0
3011,1505,1,1
3012,1506,1,0
3013,1506,1,1
3014,1507,1,0
3015,1507,1,1
3016,1508,1,0
3017,1508,1,1
3018,1509,1,0
3019,1509,1,1
3020,1510,1,0
3021,1510,1,1
3022,1511,1,0
3023,1511,1,1
3024,1512,1,0
3025,1512,1,1
3026,1513,1,0
3027,1513,1,1
3028,1514,1,0
3029,1514,1,1
3030,1515,1,0
3031,1515,1,1
3032,1516,1,0
3033,1516,1,1
3034,1517,1,0
3035,1517,1,1
3036,1518,1,0
3037,1518,1,1
3038,1519,1,0
3039,1519,1,1
3040,1520,1,0
3041,1520,1,1
3042,1521,1,0
3043,1521,1,1
3044,1522,1,0
3045,1522,1,1
3046,1523,1,0
3047,1523,1,1
3048,1524,1,0
3049,1524,1,1
3050,1525,1,0
3051,1525,1,1
3052,1526,1,0
3053,1526,1,1
3054,1527,1,0
3055,1527,1,1
3056,1528,1,0
3057,1528,1,1
3058,1529,1,0
3059,1529,1,1
3060,1530,1,0
3061,1530,1,1
3062,1531,1,0
3063,1531,1,1
3064,1532,1,0
3065,1532,1,1
3066,1533,1,0
3067,1533,1,1
3068,1534,1,0
3069,1534,1,1
3070,1535,1,0
3071,1535,1,1
3072,1536,1,0
3073,1536,1,1
3074,1537,1,0
3075,1537,1,1
3076,1538,1,0
3077,1538,1,1
3078,1539,1,0
3079,1539,1,1
3080,1540,1,0
3081,1540,1,1
3082,1541,1,0
3083,1541,1,1
3084,1542,1,0
3085,1542,1,1
3086,1543,1,0
3087,1543,1,1
3088,1544,1,0
3089,1544,1,1
3090,1545,1,0
3091,1545,1,1
3092,1546,1,0
3093,1546,1,1
3094,1547,1,0
3095,1547,1,1
3096,1548,1,0
3097,1548,1,1
3098,1549,1,0
3099,1549,1,1
3100,1550,1,0
3101,1550,1,1
3102,1551,1,0
3103,1551,1,1
3104,1552,1,0
3105,1552,1,1
3106,1553,1,0
3107,1553,1,1
3108,1554,1,0
3109,1554,1,1
3110,1555,1,0
3111,1555,1,1
3112,1556,1,0
3113,1556,1,1
3114,1557,1,0
3115,1557,1,1
3116,1558,1,0
3117,1558,1,1
3118,1559,1,0
3119,1559,1,1
3120,1560,1,0
3121,1560,1,1
3122,1561,1,0
3123,1561,1,1
3124,1562,1,0
3125,1562,1,1
3126,1563,1,0
3127,1563,1,1
3128,1564,1,0
3129,1564,1,1
3130,1565,1,0
3131,1565,1,1
3132,1566,1,0
3133,1566,1,1
3134,1567,1,0
3135,1567,1,1
3136,1568,1,0
3137,1568,1,1
3138,1569,1,0
3139,1569,1,1
3140,1570,1,0
3141,1570,1,1
3142,1571,1,0
3143,1571,1,1
3144,1572,1,0
3145,1572,1,1
3146,1573,1,0
3147,1573,1,1
3148,1574,1,0
3149,1574,1,1
3150,1575,1,0
3151,1575,1,1
3152,1576,1,0
3153,1576,1,1
3154,1577,1,0
3155,1577,1,1
3156,1578,1,0
3157,1578,1,1
3158,1579,1,0
3159,1579,1,1
3160,1580,1,0
3161,1580,1,1
3162,1581,1,0
3163,1581,1,1
3164,1582,1,0
3165,1582,1,1
3166,1583,1,0
3167,1583,1,1
3168,1584,1,0
3169,1584,1,1
3170,1585,1,0
3171,1585,1,1
3172,1586,1,0
3173,1586,1,1
3174,1587,1,0
3175,1587,1,1
3176,1588,1,0
3177,1588,1,1
3178,1589,1,0
3179,1589,1,1
3180,1590,1,0
3181,1590,1,1
3182,1591,1,0
3183,1591,1,1
3184,1592,1,0
3185,1592,1,1
3186,1593,1,0
3187,1593,1,1
3188,1594,1,0
3189,1594,1,1
3190,1595,1,0
3191,1595,1,1
3192,1596,1,0
3193,1596,1,1
3194,1597,1,0
3195,1597,1,1
3196,1598,1,0
3197,1598,1,1
3198,1599,1,0
3199,1599,1,1
3200,1600,1,0
3201,1600,1,1
3202,1601,1,0
3203,1601,1,1
3204,1602,1,0
3205,1602,1,1
3206,1603,1,0
3207,1603,1,1
3208,1604,1,0
3209,1604,1,1
3210,1605,1,0
3211,1605,1,1
3212,1606,1,0
3213,1606,1,1
3214,1607,1,0
3215,1607,1,1
3216,1608,1,0
3217,1608,1,1
3218,1609,1,0
3219,1609,1,1
3220,1610,1,0
3221,1610,1,1
3222,1611,1,0
3223,1611,1,1
3224,1612,1,0
3225,1612,1,1
3226,1613,1,0
3227,1613,1,1
3228,1614,1,0
3229,1614,1,1
3230,1615,1,0
3231,1615,1,1
3232,1616,1,0
3233,1616,1,1
3234,1617,1,0
3235,1617,1,1
3236,1618,1,0
3237,1618,1,1
3238,1619,1,0
3239,1619,1,1
3240,1620,1,0
3241,1620,1,1
3242,1621,1,0
3243,1621,1,1
3244,1622,1,0
3245,1622,1,1
3246,1623,1,0
3247,1623,1,1
3248,1624,1,0
3249,1624,1,1
3250,1625,1,0
3251,1625,1,1
3252,1626,1,0
3253,1626,1,1
3254,1627,1,0
3255,1627,1,1
3256,1628,1,0
3257,1628,1,1
3258,1629,1,0
3259,1629,1,1
3260,1630,1,0
3261,1630,1,1
3262,1631,1,0
3263,1631,1,1
3264,1632,1,0
3265,1632,1,1
3266,1633,1,0
3267,1633,1,1
3268,1634,1,0
3269,1634,1,1
3270,1635,1,0
3271,1635,1,1
3272,1636,1,0
3273,1636,1,1
3274,1637,1,0
3275,1637,1,1
3276,1638,1,0
3277,1638,1,1
3278,1639,1,0
3279,1639,1,1
3280,1640,1,0
3281,1640,1,1
3282,1641,1,0
3283,1641,1,1
3284,1642,1,0
3285,1642,1,1
3286,1643,1,0
3287,1643,1,1
3288,1644,1,0
3289,1644,1,1
3290,1645,1,0
3291,1645,1,1
3292,1646,1,0
3293,1646,1,1
3294,1647,1,0
3295,1647,1,1
3296,1648,1,0
3297,1648,1,1
3298,1649,1,0
3299,1649,1,1
3300,1650,1,0
3301,1650,1,1
3302,1651,1,0
3303,1651,1,1
3304,1652,1,0
3305,1652,1,1
3306,1653,1,0
3307,1653,1,1
3308,1654,1,0
3309,1654,1,1
3310,1655,1,0
3311,1655,1,1
3312,1656,1,0
3313,1656,1,1
3314,1657,1,0
3315,1657,1,1
3316,1658,1,0
3317,1658,1,1
3318,1659,1,0
3319,1659,1,1
3320,1660,1,0
3321,1660,1,1
3322,1661,1,0
3323,1661,1,1
3324,1662,1,0
3325,1662,1,1
3326,1663,1,0
3327,1663,1,1
3328,1664,1,0
3329,1664,1,1
3330,1665,1,0
3331,1665,1,1
3332,1666,1,0
3333,1666,1,1
3334,1667,1,0
3335,1667,1,1
3336,1668,1,0
3337,1668,1,1
3338,1669,1,0
3339,1669,1,1
3340,1670,1,0
3341,1670,1,1
3342,1671,1,0
3343,1671,1,1
3344,1672,1,0
3345,1672,1,1
3346,1673,1,0
3347,1673,1,1
3348,1674,1,0
3349,1674,1,1
3350,1675,1,0
3351,1675,1,1
3352,1676,1,0
3353,1676,1,1
3354,1677,1,0
3355,1677,1,1
3356,1678,1,0
3357,1678,1,1
3358,1679,1,0
3359,1679,1,1
3360,1680,1,0
3361,1680,1,1
3362,1681,1,0
3363,1681,1,1
3364,1682,1,0
3365,1682,1,1
3366,1683,1,0
3367,1683,1,1
3368,1684,1,0
3369,1684,1,1
3370,1685,1,0
3371,1685,1,1
3372,1686,1,0
3373,1686,1,1
3374,1687,1,0
3375,1687,1,1
3376,1688,1,0
3377,1688,1,1
3378,1689,1,0
3379,1689,1,1
3380,1690,1,0
3381,1690,1,1
3382,1691,1,0
3383,1691,1,1
3384,1692,1,0
3385,1692,1,1
3386,1693,1,0
3387,1693,1,1
3388,1694,1,0
3389,1694,1,1
3390,1695,1,0
3391,1695,1,1
3392,1696,1,0
3393,1696,1,1
3394,1697,1,0
3395,1697,1,1
3396,1698,1,0
3397,1698,1,1
3398,1699,1,0
3399,1699,1,1
3400,1700,1,0
3401,1700,1,1
3402,1701,1,0
3403,1701,1,1
3404,1702,1,0
3405,1702,1,1
3406,1703,1,0
3407,1703,1,1
3408,1704,1,0
3409,1704,1,1
3410,1705,1,0
3411,1705,1,1
3412,1706,1,0
3413,1706,1,1
3414,1707,1,0
3415,1707,1,1
3416,1708,1,0
3417,1708,1,1
3418,1709,1,0
3419,1709,1,1
3420,1710,1,0
3421,1710,1,1
3422,1711,1,0
3423,1711,1,1
3424,1712,1,0
3425,1712,1,1
3426,1713,1,0
3427,1713,1,1
3428,1714,1,0
3429,1714,1,1
3430,1715,1,0
3431,1715,1,1
3432,1716,1,0
3433,1716,1,1
3434,1717,1,0
3435,1717,1,1
3436,1718,1,0
3437,1718,1,1
3438,1719,1,0
3439,1719,1,1
3440,1720,1,0
3441,1720,1,1
3442,1721,1,0
3443,1721,1,1
3444,1722,1,0
3445,1722,1,1
3446,1723,1,0
3447,1723,1,1
3448,1724,1,0
3449,1724,1,1
3450,1725,1,0
3451,1725,1,1
3452,1726,1,0
3453,1726,1,1
3454,1727,1,0
3455,1727,1,1
3456,1728,1,0
3457,1728,1,1
3458,1729,1,0
3459,1729,1,1
3460,1730,1,0
3461,1730,1,1
3462,1731,1,0
3463,1731,1,1
3464,1732,1,0
3465,1732,1,1
3466,1733,1,0
3467,1733,1,1
3468,1734,1,0
3469,1734,1,1
3470,1735,1,0
3471,1735,1,1
3472,1736,1,0
3473,1736,1,1
3474,1737,1,0
3475,1737,1,1
3476,1738,1,0
3477,1738,1,1
3478,1739,1,0
3479,1739,1,1
3480,1740,1,0
3481,1740,1,1
3482,1741,1,0
3483,1741,1,1
3484,1742,1,0
3485,1742,1,1
3486,1743,1,0
3487,1743,1,1
3488,1744,1,0
3489,1744,1,1
3490,1745,1,0
3491,1745,1,1
3492,1746,1,0
3493,1746,1,1
3494,1747,1,0
3495,1747,1,1
3496,1748,1,0
3497,1748,1,1
3498,1749,1,0
3499,1749,1,1
3500,1750,1,0
3501,1750,1,1
3502,1751,1,0
3503,1751,1,1
3504,1752,1,0
3505,1752,1,1
3506,1753,1,0
3507,1753,1,1
3508,1754,1,0
3509,1754,1,1
3510,1755,1,0
3511,1755,1,1
3512,1756,1,0
3513,1756,1,1
3514,1757,1,0
3515,1757,1,1
3516,1758,1,0
3517,1758,1,1
3518,1759,1,0
3519,1759,1,1
3520,1760,1,0
3521,1760,1,1
3522,1761,1,0
3523,1761,1,1
3524,1762,1,0
3525,1762,1,1
3526,1763,1,0
3527,1763,1,1
3528,1764,1,0
3529,1764,1,1
3530,1765,1,0
3531,1765,1,1
3532,1766,1,0
3533,1766,1,1
3534,1767,1,0
3535,1767,1,1
3536,1768,1,0
3537,1768,1,1
3538,1769,1,0
3539,1769,1,1
3540,1770,1,0
3541,1770,1,1
3542,1771,1,0
3543,1771,1,1
3544,1772,1,0
3545,1772,1,1
3546,1773,1,0
3547,1773,1,1
3548,1774,1,0
3549,1774,1,1
3550,1775,1,0
3551,1775,1,1
3552,1776,1,0
3553,1776,1,1
3554,1777,1,0
3555,1777,1,1
3556,1778,1,0
3557,1778,1,1
3558,1779,1,0
3559,1779,1,1
3560,1780,1,0
3561,1780,1,1
3562,1781,1,0
3563,1781,1,1
3564,1782,1,0
3565,1782,1,1
3566,1783,1,0
3567,1783,1,1
3568,1784,1,0
3569,1784,1,1
3570,1785,1,0
3571,1785,1,1
3572,1786,1,0
3573,1786,1,1
3574,1787,1,0
3575,1787,1,1
3576,1788,1,0
3577,1788,1,1
3578,1789,1,0
3579,1789,1,1
3580,1790,1,0
3581,1790,1,1
3582,1791,1,0
3583,1791,1,1
3584,1792,1,0
3585,1792,1,1
3586,1793,1,0
3587,1793,1,1
3588,1794,1,0
3589,1794,1,1
3590,1795,1,0
3591,1795,1,1
3592,1796,1,0
3593,1796,1,1
3594,1797,1,0
3595,1797,1,1
3596,1798,1,0
3597,1798,1,1
3598,1799,1,0
3599,1799,1,1
3600,1800,1,0
3601,1800,1,1
3602,1801,1,0
3603,1801,1,1
3604,1802,1,0
3605,1802,1,1
3606,1803,1,0
3607,1803,1,1
3608,1804,1,0
3609,1804,1,1
3610,1805,1,0
3611,1805,1,1
3612,1806,1,0
3613,1806,1,1
3614,1807,1,0
3615,1807,1,1
3616,1808,1,0
3617,1808,1,1
3618,1809,1,0
3619,1809,1,1
3620,1810,1,0
3621,1810,1,1
3622,1811,1,0
3623,1811,1,1
3624,1812,1,0
3625,1812,1,1
3626,1813,1,0
3627,1813,1,1
3628,1814,1,0
3629,1814,1,1
3630,1815,1,0
3631,1815,1,1
3632,1816,1,0
3633,1816,1,1
3634,1817,1,0
3635,1817,1,1
3636,1818,1,0
3637,1818,1,1
3638,1819,1,0
3639,1819,1,1
3640,1820,1,0
3641,1820,1,1
3642,1821,1,0
3643,1821,1,1
3644,1822,1,0
3645,1822,1,1
3646,1823,1,0
3647,1823,1,1
3648,1824,1,0
3649,1824,1,1
3650,1825,1,0
3651,1825,1,1
3652,1826,1,0
3653,1826,1,1
3654,1827,1,0
3655,1827,1,1
3656,1828,1,0
3657,1828,1,1
3658,1829,1,0
3659,1829,1,1
3660,1830,1,0
3661,1830,1,1
3662,1831,1,0
3663,1831,1,1
3664,1832,1,0
3665,1832,1,1
3666,1833,1,0
3667,1833,1,1
3668,1834,1,0
3669,1834,1,1
3670,1835,1,0
3671,1835,1,1
3672,1836,1,0
3673,1836,1,1
3674,1837,1,0
3675,1837,1,1
3676,1838,1,0
3677,1838,1,1
3678,1839,1,0
3679,1839,1,1
3680,1840,1,0
3681,1840,1,1
3682,1841,1,0
3683,1841,1,1
3684,1842,1,0
3685,1842,1,1
3686,1843,1,0
3687,1843,1,1
3688,1844,1,0
3689,1844,1,1
3690,1845,1,0
3691,1845,1,1
3692,1846,1,0
3693,1846,1,1
3694,1847,1,0
3695,1847,1,1
3696,1848,1,0
3697,1848,1,1
3698,1849,1,0
3699,1849,1,1
3700,1850,1,0
3701,1850,1,1
3702,1851,1,0
3703,1851,1,1
3704,1852,1,0
3705,1852,1,1
3706,1853,1,0
3707,1853,1,1
3708,1854,1,0
3709,1854,1,1
3710,1855,1,0
3711,1855,1,1
3712,1856,1,0
3713,1856,1,1
3714,1857,1,0
3715,1857,1,1
3716,1858,1,0
3717,1858,1,1
3718,1859,1,0
3719,1859,1,1
3720,1860,1,0
3721,1860,1,1
3722,1861,1,0
3723,1861,1,1
3724,1862,1,0
3725,1862,1,1
3726,1863,1,0
3727,1863,1,1
3728,1864,1,0
3729,1864,1,1
3730,1865,1,0
3731,1865,1,1
3732,1866,1,0
3733,1866,1,1
3734,1867,1,0
3735,1867,1,1
3736,1868,1,0
3737,1868,1,1
3738,1869,1,0
3739,1869,1,1
3740,1870,1,0
3741,1870,1,1
3742,1871,1,0
3743,1871,1,1
3744,1872,1,0
3745,1872,1,1
3746,1873,1,0
3747,1873,1,1
3748,1874,1,0
3749,1874,1,1
3750,1875,1,0
3751,1875,1,1
3752,1876,1,0
3753,1876,1,1
3754,1877,1,0
3755,1877,1,1
3756,1878,1,0
3757,1878,1,1
3758,1879,1,0
3759,1879,1,1
3760,1880,1,0
3761,1880,1,1
3762,1881,1,0
3763,1881,1,1
3764,1882,1,0
3765,1882,1,1
3766,1883,1,0
3767,1883,1,1
3768,1884,1,0
3769,1884,1,1
3770,1885,1,0
3771,1885,1,1
3772,1886,1,0
3773,1886,1,1
3774,1887,1,0
3775,1887,1,1
3776,1888,1,0
3777,1888,1,1
3778,1889,1,0
3779,1889,1,1
3780,1890,1,0
3781,1890,1,1
3782,1891,1,0
3783,1891,1,1
3784,1892,1,0
3785,1892,1,1
3786,1893,1,0
3787,1893,1,1
3788,1894,1,0
3789,1894,1,1
3790,1895,1,0
3791,1895,1,1
3792,1896,1,0
3793,1896,1,1
3794,1897,1,0
3795,1897,1,1
3796,1898,1,0
3797,1898,1,1
3798,1899,1,0
3799,1899,1,1
3800,1900,1,0
3801,1900,1,1
3802,1901,1,0
3803,1901,1,1
3804,1902,1,0
3805,1902,1,1
3806,1903,1,0
3807,1903,1,1
3808,1904,1,0
3809,1904,1,1
3810,1905,1,0
3811,1905,1,1
3812,1906,1,0
3813,1906,1,1
3814,1907,1,0
3815,1907,1,1
3816,1908,1,0
3817,1908,1,1
3818,1909,1,0
3819,1909,1,1
3820,1910,1,0
3821,1910,1,1
3822,1911,1,0
3823,1911,1,1
3824,1912,1,0
3825,1912,1,1
3826,1913,1,0
3827,1913,1,1
3828,1914,1,0
3829,1914,1,1
3830,1915,1,0
3831,1915,1,1
3832,1916,1,0
3833,1916,1,1
3834,1917,1,0
3835,1917,1,1
3836,1918,1,0
3837,1918,1,1
3838,1919,1,0
3839,1919,1,1
3840,1920,1,0
3841,1920,1,1
3842,1921,1,0
3843,1921,1,1
3844,1922,1,0
3845,1922,1,1
3846,1923,1,0
3847,1923,1,1
3848,1924,1,0
3849,1924,1,1
3850,1925,1,0
3851,1925,1,1
3852,1926,1,0
3853,1926,1,1
3854,1927,1,0
3855,1927,1,1
3856,1928,1,0
3857,1928,1,1
3858,1929,1,0
3859,1929,1,1
3860,1930,1,0
3861,1930,1,1
3862,1931,1,0
3863,1931,1,1
3864,1932,1,0
3865,1932,1,1
3866,1933,1,0
3867,1933,1,1
3868,1934,1,0
3869,1934,1,1
3870,1935,1,0
3871,1935,1,1
3872,1936,1,0
3873,1936,1,1
3874,1937,1,0
3875,1937,1,1
3876,1938,1,0
3877,1938,1,1
3878,1939,1,0
3879,1939,1,1
3880,1940,1,0
3881,1940,1,1
3882,1941,1,0
3883,1941,1,1
3884,1942,1,0
3885,1942,1,1
3886,1943,1,0
3887,1943,1,1
3888,1944,1,0
3889,1944,1,1
3890,1945,1,0
3891,1945,1,1
3892,1946,1,0
3893,1946,1,1
3894,1947,1,0
3895,1947,1,1
3896,1948,1,0
3897,1948,1,1
3898,1949,1,0
3899,1949,1,1
3900,1950,1,0
3901,1950,1,1
3902,1951,1,0
3903,1951,1,1
3904,1952,1,0
3905,1952,1,1
3906,1953,1,0
3907,1953,1,1
3908,1954,1,0
3909,1954,1,1
3910,1955,1,0
3911,1955,1,1
3912,1956,1,0
3913,1956,1,1
3914,1957,1,0
3915,1957,1,1
3916,1958,1,0
3917,1958,1,1
3918,1959,1,0
3919,1959,1,1
3920,1960,1,0
3921,1960,1,1
3922,1961,1,0
3923,1961,1,1
3924,1962,1,0
3925,1962,1,1
3926,1963,1,0
3927,1963,1,1
3928,1964,1,0
3929,1964,1,1
3930,1965,1,0
3931,1965,1,1
3932,1966,1,0
3933,1966,1,1
3934,1967,1,0
3935,1967,1,1
3936,1968,1,0
3937,1968,1,1
3938,1969,1,0
3939,1969,1,1
3940,1970,1,0
3941,1970,1,1
3942,1971,1,0
3943,1971,1,1
3944,1972,1,0
3945,1972,1,1
3946,1973,1,0
3947,1973,1,1
3948,1974,1,0
3949,1974,1,1
3950,1975,1,0
3951,1975,1,1
3952,1976,1,0
3953,1976,1,1
3954,1977,1,0
3955,1977,1,1
3956,1978,1,0
3957,1978,1,1
3958,1979,1,0
3959,1979,1,1
3960,1980,1,0
3961,1980,1,1
3962,1981,1,0
3963,1981,1,1
3964,1982,1,0
3965,1982,1,1
3966,1983,1,0
3967,1983,1,1
3968,1984,1,0
3969,1984,1,1
3970,1985,1,0
3971,1985,1,1
3972,1986,1,0
3973,1986,1,1
3974,1987,1,0
3975,1987,1,1
3976,1988,1,0
3977,1988,1,1
3978,1989,1,0
3979,1989,1,1
3980,1990,1,0
3981,1990,1,1
3982,1991,1,0
3983,1991,1,1
3984,1992,1,0
3985,1992,1,1
3986,1993,1,0
3987,1993,1,1
3988,1994,1,0
3989,1994,1,1
3990,1995,1,0
3991,1995,1,1
3992,1996,1,0
3993,1996,1,1
3994,1997,1,0
3995,1997,1,1
3996,1998,1,0
3997,1998,1,1
3998,1999,1,0
3999,1999,1,1
4000,2000,1,0
4001,2000,1,1
4002,2001,1,0
4003,2001,1,1
4004,2002,1,0
4005,2002,1,1
4006,2003,1,0
4007,2003,1,1
4008,2004,1,0
4009,2004,1,1
4010,2005,1,0
4011,2005,1,1
4012,2006,1,0
4013,2006,1,1
4014,2007,1,0
4015,2007,1,1
4016,2008,1,0
4017,2008,1,1
4018,2009,1,0
4019,2009,1,1
4020,2010,1,0
4021,2010,1,1
4022,2011,1,0
4023,2011,1,1
4024,2012,1,0
4025,2012,1,1
4026,2013,1,0
4027,2013,1,1
4028,2014,1,0
4029,2014,1,1
4030,2015,1,0
4031,2015,1,1
4032,2016,1,0
4033,2016,1,1
4034,2017,1,0
4035,2017,1,1
4036,2018,1,0
4037,2018,1,1
4038,2019,1,0
4039,2019,1,1
4040,2020,1,0
4041,2020,1,1
4042,2021,1,0
4043,2021,1,1
4044,2022,1,0
4045,2022,1,1
4046,2023,1,0
4047,2023,1,1
4048,2024,1,0
4049,2024,1,1
4050,2025,1,0
4051,2025,1,1
4052,2026,1,0
4053,2026,1,1
4054,2027,1,0
4055,2027,1,1
4056,2028,1,0
4057,2028,1,1
4058,2029,1,0
4059,2029,1,1
4060,2030,1,0
4061,2030,1,1
4062,2031,1,0
4063,2031,1,1
4064,2032,1,0
4065,2032,1,1
4066,2033,1,0
4067,2033,1,1
4068,2034,1,0
4069,2034,1,1
4070,2035,1,0
4071,2035,1,1
4072,2036,1,0
4073,2036,1,1
4074,2037,1,0
4075,2037,1,1
4076,2038,1,0
4077,2038,1,1
4078,2039,1,0
4079,2039,1,1
4080,2040,1,0
4081,2040,1,1
4082,2041,1,0
4083,2041,1,1
4084,2042,1,0
4085,2042,1,1
4086,2043,1,0
4087,2043,1,1
4088,2044,1,0
4089,2044,1,1
4090,2045,1,0
4091,2045,1,1
4092,2046,1,0
4093,2046,1,1
4094,2047,1,0
4095,2047,1,1
4096,2048,1,0
4097,2048,1,1
4098,2049,1,0
4099,2049,1,1
4100,2050,1,0
4101,2050,1,1
4102,2051,1,0
4103,2051,1,1
4104,2052,1,0
4105,2052,1,1
4106,2053,1,0
4107,2053,1,1
4108,2054,1,0
4109,2054,1,1
4110,2055,1,0
4111,2055,1,1
4112,2056,1,0
4113,2056,1,1
4114,2057,1,0
4115,2057,1,1
4116,2058,1,0
4117,2058,1,1
4118,2059,1,0
4119,2059,1,1
4120,2060,1,0
4121,2060,1,1
4122,2061,1,0
4123,2061,1,1
4124,2062,1,0
4125,2062,1,1
4126,2063,1,0
4127,2063,1,1
4128,2064,1,0
4129,2064,1,1
4130,2065,1,0
4131,2065,1,1
4132,2066,1,0
4133,2066,1,1
4134,2067,1,0
4135,2067,1,1
4136,2068,1,0
4137,2068,1,1
4138,2069,1,0
4139,2069,1,1
4140,2070,1,0
4141,2070,1,1
4142,2071,1,0
4143,2071,1,1
4144,2072,1,0
4145,2072,1,1
4146,2073,1,0
4147,2073,1,1
4148,2074,1,0
4149,2074,1,1
4150,2075,1,0
4151,2075,1,1
4152,2076,1,0
4153,2076,1,1
4154,2077,1,0
4155,2077,1,1
4156,2078,1,0
4157,2078,1,1
4158,2079,1,0
4159,2079,1,1
4160,2080,1,0
4161,2080,1,1
4162,2081,1,0
4163,2081,1,1
4164,2082,1,0
4165,2082,1,1
4166,2083,1,0
4167,2083,1,1
4168,2084,1,0
4169,2084,1,1
4170,2085,1,0
4171,2085,1,1
4172,2086,1,0
4173,2086,1,1
4174,2087,1,0
4175,2087,1,1
4176,2088,1,0
4177,2088,1,1
4178,2089,1,0
4179,2089,1,1
4180,2090,1,0
4181,2090,1,1
4182,2091,1,0
4183,2091,1,1
4184,2092,1,0
4185,2092,1,1
4186,2093,1,0
4187,2093,1,1
4188,2094,1,0
4189,2094,1,1
4190,2095,1,0
4191,2095,1,1
4192,2096,1,0
4193,2096,1,1
4194,2097,1,0
4195,2097,1,1
4196,2098,1,0
4197,2098,1,1
4198,2099,1,0
4199,2099,1,1
4200,2100,1,0
4201,2100,1,1
4202,2101,1,0
4203,2101,1,1
4204,2102,1,0
4205,2102,1,1
4206,2103,1,0
4207,2103,1,1
4208,2104,1,0
4209,2104,1,1
4210,2105,1,0
4211,2105,1,1
4212,2106,1,0
4213,2106,1,1
4214,2107,1,0
4215,2107,1,1
4216,2108,1,0
4217,2108,1,1
4218,2109,1,0
4219,2109,1,1
4220,2110,1,0
4221,2110,1,1
4222,2111,1,0
4223,2111,1,1
4224,2112,1,0
4225,2112,1,1
4226,2113,1,0
4227,2113,1,1
4228,2114,1,0
4229,2114,1,1
4230,2115,1,0
4231,2115,1,1
4232,2116,1,0
4233,2116,1,1
4234,2117,1,0
4235,2117,1,1
4236,2118,1,0
4237,2118,1,1
4238,2119,1,0
4239,2119,1,1
4240,2120,1,0
4241,2120,1,1
4242,2121,1,0
4243,2121,1,1
4244,2122,1,0
4245,2122,1,1
4246,2123,1,0
4247,2123,1,1
4248,2124,1,0
4249,2124,1,1
4250,2125,1,0
4251,2125,1,1
4252,2126,1,0
4253,2126,1,1
4254,2127,1,0
4255,2127,1,1
4256,2128,1,0
4257,2128,1,1
4258,2129,1,0
4259,2129,1,1
4260,2130,1,0
4261,2130,1,1
4262,2131,1,0
4263,2131,1,1
4264,2132,1,0
4265,2132,1,1
4266,2133,1,0
4267,2133,1,1
4268,2134,1,0
4269,2134,1,1
4270,2135,1,0
4271,2135,1,1
4272,2136,1,0
4273,2136,1,1
4274,2137,1,0
4275,2137,1,1
4276,2138,1,0
4277,2138,1,1
4278,2139,1,0
4279,2139,1,1
4280,2140,1,0
4281,2140,1,1
4282,2141,1,0
4283,2141,1,1
4284,2142,1,0
4285,2142,1,1
4286,2143,1,0
4287,2143,1,1
4288,2144,1,0
4289,2144,1,1
4290,2145,1,0
4291,2145,1,1
4292,2146,1,0
4293,2146,1,1
4294,2147,1,0
4295,2147,1,1
4296,2148,1,0
4297,2148,1,1
4298,2149,1,0
4299,2149,1,1
4300,2150,1,0
4301,2150,1,1
4302,2151,1,0
4303,2151,1,1
4304,2152,1,0
4305,2152,1,1
4306,2153,1,0
4307,2153,1,1
4308,2154,1,0
4309,2154,1,1
4310,2155,1,0
4311,2155,1,1
4312,2156,1,0
4313,2156,1,1
4314,2157,1,0
4315,2157,1,1
4316,2158,1,0
4317,2158,1,1
4318,2159,1,0
4319,2159,1,1
4320,2160,1,0
4321,2160,1,1
4322,2161,1,0
4323,2161,1,1
4324,2162,1,0
4325,2162,1,1
4326,2163,1,0
4327,2163,1,1
4328,2164,1,0
4329,2164,1,1
4330,2165,1,0
4331,2165,1,1
4332,2166,1,0
4333,2166,1,1
4334,2167,1,0
4335,2167,1,1
4336,2168,1,0
4337,2168,1,1
4338,2169,1,0
4339,2169,1,1
4340,2170,1,0
4341,2170,1,1
4342,2171,1,0
4343,2171,1,1
4344,2172,1,0
4345,2172,1,1
4346,2173,1,0
4347,2173,1,1
4348,2174,1,0
4349,2174,1,1
4350,2175,1,0
4351,2175,1,1
4352,2176,1,0
4353,2176,1,1
4354,2177,1,0
4355,2177,1,1
4356,2178,1,0
4357,2178,1,1
4358,2179,1,0
4359,2179,1,1
4360,2180,1,0
4361,2180,1,1
4362,2181,1,0
4363,2181,1,1
4364,2182,1,0
4365,2182,1,1
4366,2183,1,0
4367,2183,1,1
4368,2184,1,0
4369,2184,1,1
4370,2185,1,0
4371,2185,1,1
4372,2186,1,0
4373,2186,1,1
4374,2187,1,0
4375,2187,1,1
4376,2188,1,0
4377,2188,1,1
4378,2189,1,0
4379,2189,1,1
4380,2190,1,0
4381,2190,1,1
4382,2191,1,0
4383,2191,1,1
4384,2192,1,0
4385,2192,1,1
4386,2193,1,0
4387,2193,1,1
4388,2194,1,0
4389,2194,1,1
4390,2195,1,0
4391,2195,1,1
4392,2196,1,0
4393,2196,1,1
4394,2197,1,0
4395,2197,1,1
4396,2198,1,0
4397,2198,1,1
4398,2199,1,0
4399,2199,1,1
4400,2200,1,0
4401,2200,1,1
4402,2201,1,0
4403,2201,1,1
4404,2202,1,0
4405,2202,1,1
4406,2203,1,0
4407,2203,1,1
4408,2204,1,0
4409,2204,1,1
4410,2205,1,0
4411,2205,1,1
4412,2206,1,0
4413,2206,1,1
4414,2207,1,0
4415,2207,1,1
4416,2208,1,0
4417,2208,1,1
4418,2209,1,0
4419,2209,1,1
4420,2210,1,0
4421,2210,1,1
4422,2211,1,0
4423,2211,1,1
4424,2212,1,0
4425,2212,1,1
4426,2213,1,0
4427,2213,1,1
4428,2214,1,0
4429,2214,1,1
4430,2215,1,0
4431,2215,1,1
4432,2216,1,0
4433,2216,1,1
4434,2217,1,0
4435,2217,1,1
4436,2218,1,0
4437,2218,1,1
4438,2219,1,0
4439,2219,1,1
4440,2220,1,0
4441,2220,1,1
4442,2221,1,0
4443,2221,1,1
4444,2222,1,0
4445,2222,1,1
4446,2223,1,0
4447,2223,1,1
4448,2224,1,0
4449,2224,1,1
4450,2225,1,0
4451,2225,1,1
4452,2226,1,0
4453,2226,1,1
4454,2227,1,0
4455,2227,1,1
4456,2228,1,0
4457,2228,1,1
4458,2229,1,0
4459,2229,1,1
4460,2230,1,0
4461,2230,1,1
4462,2231,1,0
4463,2231,1,1
4464,2232,1,0
4465,2232,1,1
4466,2233,1,0
4467,2233,1,1
4468,2234,1,0
4469,2234,1,1
4470,2235,1,0
4471,2235,1,1
4472,2236,1,0
4473,2236,1,1
4474,2237,1,0
4475,2237,1,1
4476,2238,1,0
4477,2238,1,1
4478,2239,1,0
4479,2239,1,1
4480,2240,1,0
4481,2240,1,1
4482,2241,1,0
4483,2241,1,1
4484,2242,1,0
4485,2242,1,1
4486,2243,1,0
4487,2243,1,1
4488,2244,1,0
4489,2244,1,1
4490,2245,1,0
4491,2245,1,1
4492,2246,1,0
4493,2246,1,1
4494,2247,1,0
4495,2247,1,1
4496,2248,1,0
4497,2248,1,1
4498,2249,1,0
4499,2249,1,1
4500,2250,1,0
4501,2250,1,1
4502,2251,1,0
4503,2251,1,1
4504,2252,1,0
4505,2252,1,1
4506,2253,1,0
4507,2253,1,1
4508,2254,1,0
4509,2254,1,1
4510,2255,1,0
4511,2255,1,1
4512,2256,1,0
4513,2256,1,1
4514,2257,1,0
4515,2257,1,1
4516,2258,1,0
4517,2258,1,1
4518,2259,1,0
4519,2259,1,1
4520,2260,1,0
4521,2260,1,1
4522,2261,1,0
4523,2261,1,1
4524,2262,1,0
4525,2262,1,1
4526,2263,1,0
4527,2263,1,1
4528,2264,1,0
4529,2264,1,1
4530,2265,1,0
4531,2265,1,1
4532,2266,1,0
4533,2266,1,1
4534,2267,1,0
4535,2267,1,1
4536,2268,1,0
4537,2268,1,1
4538,2269,1,0
4539,2269,1,1
4540,2270,1,0
4541,2270,1,1
4542,2271,1,0
4543,2271,1,1
4544,2272,1,0
4545,2272,1,1
4546,2273,1,0
4547,2273,1,1
4548,2274,1,0
4549,2274,1,1
4550,2275,1,0
4551,2275,1,1
4552,2276,1,0
4553,2276,1,1
4554,2277,1,0
4555,2277,1,1
4556,2278,1,0
4557,2278,1,1
4558,2279,1,0
4559,2279,1,1
4560,2280,1,0
4561,2280,1,1
4562,2281,1,0
4563,2281,1,1
4564,2282,1,0
4565,2282,1,1
4566,2283,1,0
4567,2283,1,1
4568,2284,1,0
4569,2284,1,1
4570,2285,1,0
4571,2285,1,1
4572,2286,1,0
4573,2286,1,1
4574,2287,1,0
4575,2287,1,1
4576,2288,1,0
4577,2288,1,1
4578,2289,1,0
4579,2289,1,1
4580,2290,1,0
4581,2290,1,1
4582,2291,1,0
4583,2291,1,1
4584,2292,1,0
4585,2292,1,1
4586,2293,1,0
4587,2293,1,1
4588,2294,1,0
4589,2294,1,1
4590,2295,1,0
4591,2295,1,1
4592,2296,1,0
4593,2296,1,1
4594,2297,1,0
4595,2297,1,1
4596,2298,1,0
4597,2298,1,1
4598,2299,1,0
4599,2299,1,1
4600,2300,1,0
4601,2300,1,1
4602,2301,1,0
4603,2301,1,1
4604,2302,1,0
4605,2302,1,1
4606,2303,1,0
4607,2303,1,1
4608,2304,1,0
4609,2304,1,1
4610,2305,1,0
4611,2305,1,1
4612,2306,1,0
4613,2306,1,1
4614,2307,1,0
4615,2307,1,1
4616,2308,1,0
4617,2308,1,1
4618,2309,1,0
4619,2309,1,1
4620,2310,1,0
4621,2310,1,1
4622,2311,1,0
4623,2311,1,1
4624,2312,1,0
4625,2312,1,1
4626,2313,1,0
4627,2313,1,1
4628,2314,1,0
4629,2314,1,1
4630,2315,1,0
4631,2315,1,1
4632,2316,1,0
4633,2316,1,1
4634,2317,1,0
4635,2317,1,1
4636,2318,1,0
4637,2318,1,1
4638,2319,1,0
4639,2319,1,1
4640,2320,1,0
4641,2320,1,1
4642,2321,1,0
4643,2321,1,1
4644,2322,1,0
4645,2322,1,1
4646,2323,1,0
4647,2323,1,1
4648,2324,1,0
4649,2324,1,1
4650,2325,1,0
4651,2325,1,1
4652,2326,1,0
4653,2326,1,1
4654,2327,1,0
4655,2327,1,1
4656,2328,1,0
4657,2328,1,1
4658,2329,1,0
4659,2329,1,1
4660,2330,1,0
4661,2330,1,1
4662,2331,1,0
4663,2331,1,1
4664,2332,1,0
4665,2332,1,1
4666,2333,1,0
4667,2333,1,1
4668,2334,1,0
4669,2334,1,1
4670,2335,1,0
4671,2335,1,1
4672,2336,1,0
4673,2336,1,1
4674,2337,1,0
4675,2337,1,1
4676,2338,1,0
4677,2338,1,1
4678,2339,1,0
4679,2339,1,1
4680,2340,1,0
4681,2340,1,1
4682,2341,1,0
4683,2341,1,1
4684,2342,1,0
4685,2342,1,1
4686,2343,1,0
4687,2343,1,1
4688,2344,1,0
4689,2344,1,1
4690,2345,1,0
4691,2345,1,1
4692,2346,1,0
4693,2346,1,1
4694,2347,1,0
4695,2347,1,1
4696,2348,1,0
4697,2348,1,1
4698,2349,1,0
4699,2349,1,1
4700,2350,1,0
4701,2350,1,1
4702,2351,1,0
4703,2351,1,1
4704,2352,1,0
4705,2352,1,1
4706,2353,1,0
4707,2353,1,1
4708,2354,1,0
4709,2354,1,1
4710,2355,1,0
4711,2355,1,1
4712,2356,1,0
4713,2356,1,1
4714,2357,1,0
4715,2357,1,1
4716,2358,1,0
4717,2358,1,1
4718,2359,1,0
4719,2359,1,1
4720,2360,1,0
4721,2360,1,1
4722,2361,1,0
4723,2361,1,1
4724,2362,1,0
4725,2362,1,1
4726,2363,1,0
4727,2363,1,1
4728,2364,1,0
4729,2364,1,1
4730,2365,1,0
4731,2365,1,1
4732,2366,1,0
4733,2366,1,1
4734,2367,1,0
4735,2367,1,1
4736,2368,1,0
4737,2368,1,1
4738,2369,1,0
4739,2369,1,1
4740,2370,1,0
4741,2370,1,1
4742,2371,1,0
4743,2371,1,1
4744,2372,1,0
4745,2372,1,1
4746,2373,1,0
4747,2373,1,1
4748,2374,1,0
4749,2374,1,1
4750,2375,1,0
4751,2375,1,1
4752,2376,1,0
4753,2376,1,1
4754,2377,1,0
4755,2377,1,1
4756,2378,1,0
4757,2378,1,1
4758,2379,1,0
4759,2379,1,1
4760,2380,1,0
4761,2380,1,1
4762,2381,1,0
4763,2381,1,1
4764,2382,1,0
4765,2382,1,1
4766,2383,1,0
4767,2383,1,1
4768,2384,1,0
4769,2384,1,1
4770,2385,1,0
4771,2385,1,1
4772,2386,1,0
4773,2386,1,1
4774,2387,1,0
4775,2387,1,1
4776,2388,1,0
4777,2388,1,1
4778,2389,1,0
4779,2389,1,1
4780,2390,1,0
4781,2390,1,1
4782,2391,1,0
4783,2391,1,1
4784,2392,1,0
4785,2392,1,1
4786,2393,1,0
4787,2393,1,1
4788,2394,1,0
4789,2394,1,1
4790,2395,1,0
4791,2395,1,1
4792,2396,1,0
4793,2396,1,1
4794,2397,1,0
4795,2397,1,1
4796,2398,1,0
4797,2398,1,1
4798,2399,1,0
4799,2399,1,1
4800,2400,1,0
4801,2400,1,1
4802,2401,1,0
4803,2401,1,1
4804,2402,1,0
4805,2402,1,1
4806,2403,1,0
4807,2403,1,1
4808,2404,1,0
4809,2404,1,1
4810,2405,1,0
4811,2405,1,1
4812,2406,1,0
4813,2406,1,1
4814,2407,1,0
4815,2407,1,1
4816,2408,1,0
4817,2408,1,1
4818,2409,1,0
4819,2409,1,1
4820,2410,1,0
4821,2410,1,1
4822,2411,1,0
4823,2411,1,1
4824,2412,1,0
4825,2412,1,1
4826,2413,1,0
4827,2413,1,1
4828,2414,1,0
4829,2414,1,1
4830,2415,1,0
4831,2415,1,1
4832,2416,1,0
4833,2416,1,1
4834,2417,1,0
4835,2417,1,1
4836,2418,1,0
4837,2418,1,1
4838,2419,1,0
4839,2419,1,1
4840,2420,1,0
4841,2420,1,1
4842,2421,1,0
4843,2421,1,1
4844,2422,1,0
4845,2422,1,1
4846,2423,1,0
4847,2423,1,1
4848,2424,1,0
4849,2424,1,1
4850,2425,1,0
4851,2425,1,1
4852,2426,1,0
4853,2426,1,1
4854,2427,1,0
4855,2427,1,1
4856,2428,1,0
4857,2428,1,1
4858,2429,1,0
4859,2429,1,1
4860,2430,1,0
4861,2430,1,1
4862,2431,1,0
4863,2431,1,1
4864,2432,1,0
4865,2432,1,1
4866,2433,1,0
4867,2433,1,1
4868,2434,1,0
4869,2434,1,1
4870,2435,1,0
4871,2435,1,1
4872,2436,1,0
4873,2436,1,1
4874,2437,1,0
4875,2437,1,1
4876,2438,1,0
4877,2438,1,1
4878,2439,1,0
4879,2439,1,1
4880,2440,1,0
4881,2440,1,1
4882,2441,1,0
4883,2441,1,1
4884,2442,1,0
4885,2442,1,1
4886,2443,1,0
4887,2443,1,1
4888,2444,1,0
4889,2444,1,1
4890,2445,1,0
4891,2445,1,1
4892,2446,1,0
4893,2446,1,1
4894,2447,1,0
4895,2447,1,1
4896,2448,1,0
4897,2448,1,1
4898,2449,1,0
4899,2449,1,1
4900,2450,1,0
4901,2450,1,1
4902,2451,1,0
4903,2451,1,1
4904,2452,1,0
4905,2452,1,1
4906,2453,1,0
4907,2453,1,1
4908,2454,1,0
4909,2454,1,1
4910,2455,1,0
4911,2455,1,1
4912,2456,1,0
4913,2456,1,1
4914,2457,1,0
4915,2457,1,1
4916,2458,1,0
4917,2458,1,1
4918,2459,1,0
4919,2459,1,1
4920,2460,1,0
4921,2460,1,1
4922,2461,1,0
4923,2461,1,1
4924,2462,1,0
4925,2462,1,1
4926,2463,1,0
4927,2463,1,1
4928,2464,1,0
4929,2464,1,1
4930,2465,1,0
4931,2465,1,1
4932,2466,1,0
4933,2466,1,1
4934,2467,1,0
4935,2467,1,1
4936,2468,1,0
4937,2468,1,1
4938,2469,1,0
4939,2469,1,1
4940,2470,1,0
4941,2470,1,1
4942,2471,1,0
4943,2471,1,1
4944,2472,1,0
4945,2472,1,1
4946,2473,1,0
4947,2473,1,1
4948,2474,1,0
4949,2474,1,1
4950,2475,1,0
4951,2475,1,1
4952,2476,1,0
4953,2476,1,1
4954,2477,1,0
4955,2477,1,1
4956,2478,1,0
4957,2478,1,1
4958,2479,1,0
4959,2479,1,1
4960,2480,1,0
4961,2480,1,1
4962,2481,1,0
4963,2481,1,1
4964,2482,1,0
4965,2482,1,1
4966,2483,1,0
4967,2483,1,1
4968,2484,1,0
4969,2484,1,1
4970,2485,1,0
4971,2485,1,1
4972,2486,1,0
4973,2486,1,1
4974,2487,1,0
4975,2487,1,1
4976,2488,1,0
4977,2488,1,1
4978,2489,1,0
4979,2489,1,1
4980,2490,1,0
4981,2490,1,1
4982,2491,1,0
4983,2491,1,1
4984,2492,1,0
4985,2492,1,1
4986,2493,1,0
4987,2493,1,1
4988,2494,1,0
4989,2494,1,1
4990,2495,1,0
4991,2495,1,1
4992,2496,1,0
4993,2496,1,1
4994,2497,1,0
4995,2497,1,1
4996,2498,1,0
4997,2498,1,1
4998,2499,1,0
4999,2499,1,1
5000,2500,1,0
5001,2500,1,1
5002,2501,1,0
5003,2501,1,1
5004,2502,1,0
5005,2502,1,1
5006,2503,1,0
5007,2503,1,1
5008,2504,1,0
5009,2504,1,1
5010,2505,1,0
5011,2505,1,1
5012,2506,1,0
5013,2506,1,1
5014,2507,1,0
5015,2507,1,1
5016,2508,1,0
5017,2508,1,1
5018,2509,1,0
5019,2509,1,1
5020,2510,1,0
5021,2510,1,1
5022,2511,1,0
5023,2511,1,1
5024,2512,1,0
5025,2512,1,1
5026,2513,1,0
5027,2513,1,1
5028,2514,1,0
5029,2514,1,1
5030,2515,1,0
5031,2515,1,1
5032,2516,1,0
5033,2516,1,1
5034,2517,1,0
5035,2517,1,1
5036,2518,1,0
5037,2518,1,1
5038,2519,1,0
5039,2519,1,1
5040,2520,1,0
5041,2520,1,1
5042,2521,1,0
5043,2521,1,1
5044,2522,1,0
5045,2522,1,1
5046,2523,1,0
5047,2523,1,1
5048,2524,1,0
5049,2524,1,1
5050,2525,1,0
5051,2525,1,1
5052,2526,1,0
5053,2526,1,1
5054,2527,1,0
5055,2527,1,1
5056,2528,1,0
5057,2528,1,1
5058,2529,1,0
5059,2529,1,1
5060,2530,1,0
5061,2530,1,1
5062,2531,1,0
5063,2531,1,1
5064,2532,1,0
5065,2532,1,1
5066,2533,1,0
5067,2533,1,1
5068,2534,1,0
5069,2534,1,1
5070,2535,1,0
5071,2535,1,1
5072,2536,1,0
5073,2536,1,1
5074,2537,1,0
5075,2537,1,1
5076,2538,1,0
5077,2538,1,1
5078,2539,1,0
5079,2539,1,1
5080,2540,1,0
5081,2540,1,1
5082,2541,1,0
5083,2541,1,1
5084,2542,1,0
5085,2542,1,1
5086,2543,1,0
5087,2543,1,1
5088,2544,1,0
5089,2544,1,1
5090,2545,1,0
5091,2545,1,1
5092,2546,1,0
5093,2546,1,1
5094,2547,1,0
5095,2547,1,1
5096,2548,1,0
5097,2548,1,1
5098,2549,1,0
5099,2549,1,1
5100,2550,1,0
5101,2550,1,1
5102,2551,1,0
5103,2551,1,1
5104,2552,1,0
5105,2552,1,1
5106,2553,1,0
5107,2553,1,1
5108,2554,1,0
5109,2554,1,1
5110,2555,1,0
5111,2555,1,1
5112,2556,1,0
5113,2556,1,1
5114,2557,1,0
5115,2557,1,1
5116,2558,1,0
5117,2558,1,1
5118,2559,1,0
5119,2559,1,1
5120,2560,1,0
5121,2560,1,1
5122,2561,1,0
5123,2561,1,1
5124,2562,1,0
5125,2562,1,1
5126,2563,1,0
5127,2563,1,1
5128,2564,1,0
5129,2564,1,1
5130,2565,1,0
5131,2565,1,1
5132,2566,1,0
5133,2566,1,1
5134,2567,1,0
5135,2567,1,1
5136,2568,1,0
5137,2568,1,1
5138,2569,1,0
5139,2569,1,1
5140,2570,1,0
5141,2570,1,1
5142,2571,1,0
5143,2571,1,1
5144,2572,1,0
5145,2572,1,1
5146,2573,1,0
5147,2573,1,1
5148,2574,1,0
5149,2574,1,1
5150,2575,1,0
5151,2575,1,1
5152,2576,1,0
5153,2576,1,1
5154,2577,1,0
5155,2577,1,1
5156,2578,1,0
5157,2578,1,1
5158,2579,1,0
5159,2579,1,1
5160,2580,1,0
5161,2580,1,1
5162,2581,1,0
5163,2581,1,1
5164,2582,1,0
5165,2582,1,1
5166,2583,1,0
5167,2583,1,1
5168,2584,1,0
5169,2584,1,1
5170,2585,1,0
5171,2585,1,1
5172,2586,1,0
5173,2586,1,1
5174,2587,1,0
5175,2587,1,1
5176,2588,1,0
5177,2588,1,1
5178,2589,1,0
5179,2589,1,1
5180,2590,1,0
5181,2590,1,1
5182,2591,1,0
5183,2591,1,1
5184,2592,1,0
5185,2592,1,1
5186,2593,1,0
5187,2593,1,1
5188,2594,1,0
5189,2594,1,1
5190,2595,1,0
5191,2595,1,1
5192,2596,1,0
5193,2596,1,1
5194,2597,1,0
5195,2597,1,1
5196,2598,1,0
5197,2598,1,1
5198,2599,1,0
5199,2599,1,1
5200,2600,1,0
5201,2600,1,1
5202,2601,1,0
5203,2601,1,1
5204,2602,1,0
5205,2602,1,1
5206,2603,1,0
5207,2603,1,1
5208,2604,1,0
5209,2604,1,1
5210,2605,1,0
5211,2605,1,1
5212,2606,1,0
5213,2606,1,1
5214,2607,1,0
5215,2607,1,1
5216,2608,1,0
5217,2608,1,1
5218,2609,1,0
5219,2609,1,1
5220,2610,1,0
5221,2610,1,1
5222,2611,1,0
5223,2611,1,1
5224,2612,1,0
5225,2612,1,1
5226,2613,1,0
5227,2613,1,1
5228,2614,1,0
5229,2614,1,1
5230,2615,1,0
5231,2615,1,1
5232,2616,1,0
5233,2616,1,1
5234,2617,1,0
5235,2617,1,1
5236,2618,1,0
5237,2618,1,1
5238,2619,1,0
5239,2619,1,1
5240,2620,1,0
5241,2620,1,1
5242,2621,1,0
5243,2621,1,1
5244,2622,1,0
5245,2622,1,1
5246,2623,1,0
5247,2623,1,1
5248,2624,1,0
5249,2624,1,1
5250,2625,1,0
5251,2625,1,1
5252,2626,1,0
5253,2626,1,1
5254,2627,1,0
5255,2627,1,1
5256,2628,1,0
5257,2628,1,1
5258,2629,1,0
5259,2629,1,1
5260,2630,1,0
5261,2630,1,1
5262,2631,1,0
5263,2631,1,1
5264,2632,1,0
5265,2632,1,1
5266,2633,1,0
5267,2633,1,1
5268,2634,1,0
5269,2634,1,1
5270,2635,1,0
5271,2635,1,1
5272,2636,1,0
5273,2636,1,1
5274,2637,1,0
5275,2637,1,1
5276,2638,1,0
5277,2638,1,1
5278,2639,1,0
5279,2639,1,1
5280,2640,1,0
5281,2640,1,1
5282,2641,1,0
5283,2641,1,1
5284,2642,1,0
5285,2642,1,1
5286,2643,1,0
5287,2643,1,1
5288,2644,1,0
5289,2644,1,1
5290,2645,1,0
5291,2645,1,1
5292,2646,1,0
5293,2646,1,1
5294,2647,1,0
5295,2647,1,1
5296,2648,1,0
5297,2648,1,1
5298,2649,1,0
5299,2649,1,1
5300,2650,1,0
5301,2650,1,1
5302,2651,1,0
5303,2651,1,1
5304,2652,1,0
5305,2652,1,1
5306,2653,1,0
5307,2653,1,1
5308,2654,1,0
5309,2654,1,1
5310,2655,1,0
5311,2655,1,1
5312,2656,1,0
5313,2656,1,1
5314,2657,1,0
5315,2657,1,1
5316,2658,1,0
5317,2658,1,1
5318,2659,1,0
5319,2659,1,1
5320,2660,1,0
5321,2660,1,1
5322,2661,1,0
5323,2661,1,1
5324,2662,1,0
5325,2662,1,1
5326,2663,1,0
5327,2663,1,1
5328,2664,1,0
5329,2664,1,1
5330,2665,1,0
5331,2665,1,1
5332,2666,1,0
5333,2666,1,1
5334,2667,1,0
5335,2667,1,1
5336,2668,1,0
5337,2668,1,1
5338,2669,1,0
5339,2669,1,1
5340,2670,1,0
5341,2670,1,1
5342,2671,1,0
5343,2671,1,1
5344,2672,1,0
5345,2672,1,1
5346,2673,1,0
5347,2673,1,1
5348,2674,1,0
5349,2674,1,1
5350,2675,1,0
5351,2675,1,1
5352,2676,1,0
5353,2676,1,1
5354,2677,1,0
5355,2677,1,1
5356,2678,1,0
5357,2678,1,1
5358,2679,1,0
5359,2679,1,1
5360,2680,1,0
5361,2680,1,1
5362,2681,1,0
5363,2681,1,1
5364,2682,1,0
5365,2682,1,1
5366,2683,1,0
5367,2683,1,1
5368,2684,1,0
5369,2684,1,1
5370,2685,1,0
5371,2685,1,1
5372,2686,1,0
5373,2686,1,1
5374,2687,1,0
5375,2687,1,1
5376,2688,1,0
5377,2688,1,1
5378,2689,1,0
5379,2689,1,1
5380,2690,1,0
5381,2690,1,1
5382,2691,1,0
5383,2691,1,1
5384,2692,1,0
5385,2692,1,1
5386,2693,1,0
5387,2693,1,1
5388,2694,1,0
5389,2694,1,1
5390,2695,1,0
5391,2695,1,1
5392,2696,1,0
5393,2696,1,1
5394,2697,1,0
5395,2697,1,1
5396,2698,1,0
5397,2698,1,1
5398,2699,1,0
5399,2699,1,1
5400,2700,1,0
5401,2700,1,1
5402,2701,1,0
5403,2701,1,1
5404,2702,1,0
5405,2702,1,1
5406,2703,1,0
5407,2703,1,1
5408,2704,1,0
5409,2704,1,1
5410,2705,1,0
5411,2705,1,1
5412,2706,1,0
5413,2706,1,1
5414,2707,1,0
5415,2707,1,1
5416,2708,1,0
5417,2708,1,1
5418,2709,1,0
5419,2709,1,1
5420,2710,1,0
5421,2710,1,1
5422,2711,1,0
5423,2711,1,1
5424,2712,1,0
5425,2712,1,1
5426,2713,1,0
5427,2713,1,1
5428,2714,1,0
5429,2714,1,1
5430,2715,1,0
5431,2715,1,1
5432,2716,1,0
5433,2716,1,1
5434,2717,1,0
5435,2717,1,1
5436,2718,1,0
5437,2718,1,1
5438,2719,1,0
5439,2719,1,1
5440,2720,1,0
5441,2720,1,1
5442,2721,1,0
5443,2721,1,1
5444,2722,1,0
5445,2722,1,1
5446,2723,1,0
5447,2723,1,1
5448,2724,1,0
5449,2724,1,1
5450,2725,1,0
5451,2725,1,1
5452,2726,1,0
5453,2726,1,1
5454,2727,1,0
5455,2727,1,1
5456,2728,1,0
5457,2728,1,1
5458,2729,1,0
5459,2729,1,1
5460,2730,1,0
5461,2730,1,1
5462,2731,1,0
5463,2731,1,1
5464,2732,1,0
5465,2732,1,1
5466,2733,1,0
5467,2733,1,1
5468,2734,1,0
5469,2734,1,1
5470,2735,1,0
5471,2735,1,1
5472,2736,1,0
5473,2736,1,1
5474,2737,1,0
5475,2737,1,1
5476,2738,1,0
5477,2738,1,1
5478,2739,1,0
5479,2739,1,1
5480,2740,1,0
5481,2740,1,1
5482,2741,1,0
5483,2741,1,1
5484,2742,1,0
5485,2742,1,1
5486,2743,1,0
5487,2743,1,1
5488,2744,1,0
5489,2744,1,1
5490,2745,1,0
5491,2745,1,1
5492,2746,1,0
5493,2746,1,1
5494,2747,1,0
5495,2747,1,1
5496,2748,1,0
5497,2748,1,1
5498,2749,1,0
5499,2749,1,1
5500,2750,1,0
5501,2750,1,1
5502,2751,1,0
5503,2751,1,1
5504,2752,1,0
5505,2752,1,1
5506,2753,1,0
5507,2753,1,1
5508,2754,1,0
5509,2754,1,1
5510,2755,1,0
5511,2755,1,1
5512,2756,1,0
5513,2756,1,1
5514,2757,1,0
5515,2757,1,1
5516,2758,1,0
5517,2758,1,1
5518,2759,1,0
5519,2759,1,1
5520,2760,1,0
5521,2760,1,1
5522,2761,1,0
5523,2761,1,1
5524,2762,1,0
5525,2762,1,1
5526,2763,1,0
5527,2763,1,1
5528,2764,1,0
5529,2764,1,1
5530,2765,1,0
5531,2765,1,1
5532,2766,1,0
5533,2766,1,1
5534,2767,1,0
5535,2767,1,1
5536,2768,1,0
5537,2768,1,1
5538,2769,1,0
5539,2769,1,1
5540,2770,1,0
5541,2770,1,1
5542,2771,1,0
5543,2771,1,1
5544,2772,1,0
5545,2772,1,1
5546,2773,1,0
5547,2773,1,1
5548,2774,1,0
5549,2774,1,1
5550,2775,1,0
5551,2775,1,1
5552,2776,1,0
5553,2776,1,1
5554,2777,1,0
5555,2777,1,1
5556,2778,1,0
5557,2778,1,1
5558,2779,1,0
5559,2779,1,1
5560,2780,1,0
5561,2780,1,1
5562,2781,1,0
5563,2781,1,1
5564,2782,1,0
5565,2782,1,1
5566,2783,1,0
5567,2783,1,1
5568,2784,1,0
5569,2784,1,1
5570,2785,1,0
5571,2785,1,1
5572,2786,1,0
5573,2786,1,1
5574,2787,1,0
5575,2787,1,1
5576,2788,1,0
5577,2788,1,1
5578,2789,1,0
5579,2789,1,1
5580,2790,1,0
5581,2790,1,1
5582,2791,1,0
5583,2791,1,1
5584,2792,1,0
5585,2792,1,1
5586,2793,1,0
5587,2793,1,1
5588,2794,1,0
5589,2794,1,1
5590,2795,1,0
5591,2795,1,1
5592,2796,1,0
5593,2796,1,1
5594,2797,1,0
5595,2797,1,1
5596,2798,1,0
5597,2798,1,1
5598,2799,1,0
5599,2799,1,1
5600,2800,1,0
5601,2800,1,1
5602,2801,1,0
5603,2801,1,1
5604,2802,1,0
5605,2802,1,1
5606,2803,1,0
5607,2803,1,1
5608,2804,1,0
5609,2804,1,1
5610,2805,1,0
5611,2805,1,1
5612,2806,1,0
5613,2806,1,1
5614,2807,1,0
5615,2807,1,1
5616,2808,1,0
5617,2808,1,1
5618,2809,1,0
5619,2809,1,1
5620,2810,1,0
5621,2810,1,1
5622,2811,1,0
5623,2811,1,1
5624,2812,1,0
5625,2812,1,1
5626,2813,1,0
5627,2813,1,1
5628,2814,1,0
5629,2814,1,1
5630,2815,1,0
5631,2815,1,1
5632,2816,1,0
5633,2816,1,1
5634,2817,1,0
5635,2817,1,1
5636,2818,1,0
5637,2818,1,1
5638,2819,1,0
5639,2819,1,1
5640,2820,1,0
5641,2820,1,1
5642,2821,1,0
5643,2821,1,1
5644,2822,1,0
5645,2822,1,1
5646,2823,1,0
5647,2823,1,1
5648,2824,1,0
5649,2824,1,1
5650,2825,1,0
5651,2825,1,1
5652,2826,1,0
5653,2826,1,1
5654,2827,1,0
5655,2827,1,1
5656,2828,1,0
5657,2828,1,1
5658,2829,1,0
5659,2829,1,1
5660,2830,1,0
5661,2830,1,1
5662,2831,1,0
5663,2831,1,1
5664,2832,1,0
5665,2832,1,1
5666,2833,1,0
5667,2833,1,1
5668,2834,1,0
5669,2834,1,1
5670,2835,1,0
5671,2835,1,1
5672,2836,1,0
5673,2836,1,1
5674,2837,1,0
5675,2837,1,1
5676,2838,1,0
5677,2838,1,1
5678,2839,1,0
5679,2839,1,1
5680,2840,1,0
5681,2840,1,1
5682,2841,1,0
5683,2841,1,1
5684,2842,1,0
5685,2842,1,1
5686,2843,1,0
5687,2843,1,1
5688,2844,1,0
5689,2844,1,1
5690,2845,1,0
5691,2845,1,1
5692,2846,1,0
5693,2846,1,1
5694,2847,1,0
5695,2847,1,1
5696,2848,1,0
5697,2848,1,1
5698,2849,1,0
5699,2849,1,1
5700,2850,1,0
5701,2850,1,1
5702,2851,1,0
5703,2851,1,1
5704,2852,1,0
5705,2852,1,1
5706,2853,1,0
5707,2853,1,1
5708,2854,1,0
5709,2854,1,1
5710,2855,1,0
5711,2855,1,1
5712,2856,1,0
5713,2856,1,1
5714,2857,1,0
5715,2857,1,1
5716,2858,1,0
5717,2858,1,1
5718,2859,1,0
5719,2859,1,1
5720,2860,1,0
5721,2860,1,1
5722,2861,1,0
5723,2861,1,1
5724,2862,1,0
5725,2862,1,1
5726,2863,1,0
5727,2863,1,1
5728,2864,1,0
5729,2864,1,1
5730,2865,1,0
5731,2865,1,1
5732,2866,1,0
5733,2866,1,1
5734,2867,1,0
5735,2867,1,1
5736,2868,1,0
5737,2868,1,1
5738,2869,1,0
5739,2869,1,1
5740,2870,1,0
5741,2870,1,1
5742,2871,1,0
5743,2871,1,1
5744,2872,1,0
5745,2872,1,1
5746,2873,1,0
5747,2873,1,1
5748,2874,1,0
5749,2874,1,1
5750,2875,1,0
5751,2875,1,1
5752,2876,1,0
5753,2876,1,1
5754,2877,1,0
5755,2877,1,1
5756,2878,1,0
5757,2878,1,1
5758,2879,1,0
5759,2879,1,1
5760,2880,1,0
5761,2880,1,1
5762,2881,1,0
5763,2881,1,1
5764,2882,1,0
5765,2882,1,1
5766,2883,1,0
5767,2883,1,1
5768,2884,1,0
5769,2884,1,1
5770,2885,1,0
5771,2885,1,1
5772,2886,1,0
5773,2886,1,1
5774,2887,1,0
5775,2887,1,1
5776,2888,1,0
5777,2888,1,1
5778,2889,1,0
5779,2889,1,1
5780,2890,1,0
5781,2890,1,1
5782,2891,1,0
5783,2891,1,1
5784,2892,1,0
5785,2892,1,1
5786,2893,1,0
5787,2893,1,1
5788,2894,1,0
5789,2894,1,1
5790,2895,1,0
5791,2895,1,1
5792,2896,1,0
5793,2896,1,1
5794,2897,1,0
5795,2897,1,1
5796,2898,1,0
5797,2898,1,1
5798,2899,1,0
5799,2899,1,1
5800,2900,1,0
5801,2900,1,1
5802,2901,1,0
5803,2901,1,1
5804,2902,1,0
5805,2902,1,1
5806,2903,1,0
5807,2903,1,1
5808,2904,1,0
5809,2904,1,1
5810,2905,1,0
5811,2905,1,1
5812,2906,1,0
5813,2906,1,1
5814,2907,1,0
5815,2907,1,1
5816,2908,1,0
5817,2908,1,1
5818,2909,1,0
5819,2909,1,1
5820,2910,1,0
5821,2910,1,1
5822,2911,1,0
5823,2911,1,1
5824,2912,1,0
5825,2912,1,1
5826,2913,1,0
5827,2913,1,1
5828,2914,1,0
5829,2914,1,1
5830,2915,1,0
5831,2915,1,1
5832,2916,1,0
5833,2916,1,1
5834,2917,1,0
5835,2917,1,1
5836,2918,1,0
5837,2918,1,1
5838,2919,1,0
5839,2919,1,1
5840,2920,1,0
5841,2920,1,1
5842,2921,1,0
5843,2921,1,1
5844,2922,1,0
5845,2922,1,1
5846,2923,1,0
5847,2923,1,1
5848,2924,1,0
5849,2924,1,1
5850,2925,1,0
5851,2925,1,1
5852,2926,1,0
5853,2926,1,1
5854,2927,1,0
5855,2927,1,1
5856,2928,1,0
5857,2928,1,1
5858,2929,1,0
5859,2929,1,1
5860,2930,1,0
5861,2930,1,1
5862,2931,1,0
5863,2931,1,1
5864,2932,1,0
5865,2932,1,1
5866,2933,1,0
5867,2933,1,1
5868,2934,1,0
5869,2934,1,1
5870,2935,1,0
5871,2935,1,1
5872,2936,1,0
5873,2936,1,1
5874,2937,1,0
5875,2937,1,1
5876,2938,1,0
5877,2938,1,1
5878,2939,1,0
5879,2939,1,1
5880,2940,1,0
5881,2940,1,1
5882,2941,1,0
5883,2941,1,1
5884,2942,1,0
5885,2942,1,1
5886,2943,1,0
5887,2943,1,1
5888,2944,1,0
5889,2944,1,1
5890,2945,1,0
5891,2945,1,1
5892,2946,1,0
5893,2946,1,1
5894,2947,1,0
5895,2947,1,1
5896,2948,1,0
5897,2948,1,1
5898,2949,1,0
5899,2949,1,1
5900,2950,1,0
5901,2950,1,1
5902,2951,1,0
5903,2951,1,1
5904,2952,1,0
5905,2952,1,1
5906,2953,1,0
5907,2953,1,1
5908,2954,1,0
5909,2954,1,1
5910,2955,1,0
5911,2955,1,1
5912,2956,1,0
5913,2956,1,1
5914,2957,1,0
5915,2957,1,1
5916,2958,1,0
5917,2958,1,1
5918,2959,1,0
5919,2959,1,1
5920,2960,1,0
5921,2960,1,1
5922,2961,1,0
5923,2961,1,1
5924,2962,1,0
5925,2962,1,1
5926,2963,1,0
5927,2963,1,1
5928,2964,1,0
5929,2964,1,1
5930,2965,1,0
5931,2965,1,1
5932,2966,1,0
5933,2966,1,1
5934,2967,1,0
5935,2967,1,1
5936,2968,1,0
5937,2968,1,1
5938,2969,1,0
5939,2969,1,1
5940,2970,1,0
5941,2970,1,1
5942,2971,1,0
5943,2971,1,1
5944,2972,1,0
5945,2972,1,1
5946,2973,1,0
5947,2973,1,1
5948,2974,1,0
5949,2974,1,1
5950,2975,1,0
5951,2975,1,1
5952,2976,1,0
5953,2976,1,1
5954,2977,1,0
5955,2977,1,1
5956,2978,1,0
5957,2978,1,1
5958,2979,1,0
5959,2979,1,1
5960,2980,1,0
5961,2980,1,1
5962,2981,1,0
5963,2981,1,1
5964,2982,1,0
5965,2982,1,1
5966,2983,1,0
5967,2983,1,1
5968,2984,1,0
5969,2984,1,1
5970,2985,1,0
5971,2985,1,1
5972,2986,1,0
5973,2986,1,1
5974,2987,1,0
5975,2987,1,1
5976,2988,1,0
5977,2988,1,1
5978,2989,1,0
5979,2989,1,1
5980,2990,1,0
5981,2990,1,1
5982,2991,1,0
5983,2991,1,1
5984,2992,1,0
5985,2992,1,1
5986,2993,1,0
5987,2993,1,1
5988,2994,1,0
5989,2994,1,1
5990,2995,1,0
5991,2995,1,1
5992,2996,1,0
5993,2996,1,1
5994,2997,1,0
5995,2997,1,1
5996,2998,1,0
5997,2998,1,1
5998,2999,1,0
5999,2999,1,1
6000,3000,1,0
6001,3000,1,1
6002,3001,1,0
6003,3001,1,1
6004,3002,1,0
6005,3002,1,1
6006,3003,1,0
6007,3003,1,1
6008,3004,1,0
6009,3004,1,1
6010,3005,1,0
6011,3005,1,1
6012,3006,1,0
6013,3006,1,1
6014,3007,1,0
6015,3007,1,1
6016,3008,1,0
6017,3008,1,1
6018,3009,1,0
6019,3009,1,1
6020,3010,1,0
6021,3010,1,1
6022,3011,1,0
6023,3011,1,1
6024,3012,1,0
6025,3012,1,1
6026,3013,1,0
6027,3013,1,1
6028,3014,1,0
6029,3014,1,1
6030,3015,1,0
6031,3015,1,1
6032,3016,1,0
6033,3016,1,1
6034,3017,1,0
6035,3017,1,1
6036,3018,1,0
6037,3018,1,1
6038,3019,1,0
6039,3019,1,1
6040,3020,1,0
6041,3020,1,1
6042,3021,1,0
6043,3021,1,1
6044,3022,1,0
6045,3022,1,1
6046,3023,1,0
6047,3023,1,1
6048,3024,1,0
6049,3024,1,1
6050,3025,1,0
6051,3025,1,1
6052,3026,1,0
6053,3026,1,1
6054,3027,1,0
6055,3027,1,1
6056,3028,1,0
6057,3028,1,1
6058,3029,1,0
6059,3029,1,1
6060,3030,1,0
6061,3030,1,1
6062,3031,1,0
6063,3031,1,1
6064,3032,1,0
6065,3032,1,1
6066,3033,1,0
6067,3033,1,1
6068,3034,1,0
6069,3034,1,1
6070,3035,1,0
6071,3035,1,1
6072,3036,1,0
6073,3036,1,1
6074,3037,1,0
6075,3037,1,1
6076,3038,1,0
6077,3038,1,1
6078,3039,1,0
6079,3039,1,1
6080,3040,1,0
6081,3040,1,1
6082,3041,1,0
6083,3041,1,1
6084,3042,1,0
6085,3042,1,1
6086,3043,1,0
6087,3043,1,1
6088,3044,1,0
6089,3044,1,1
6090,3045,1,0
6091,3045,1,1
6092,3046,1,0
6093,3046,1,1
6094,3047,1,0
6095,3047,1,1
6096,3048,1,0
6097,3048,1,1
6098,3049,1,0
6099,3049,1,1
6100,3050,1,0
6101,3050,1,1
6102,3051,1,0
6103,3051,1,1
6104,3052,1,0
6105,3052,1,1
6106,3053,1,0
6107,3053,1,1
6108,3054,1,0
6109,3054,1,1
6110,3055,1,0
6111,3055,1,1
6112,3056,1,0
6113,3056,1,1
6114,3057,1,0
6115,3057,1,1
6116,3058,1,0
6117,3058,1,1
6118,3059,1,0
6119,3059,1,1
6120,3060,1,0
6121,3060,1,1
6122,3061,1,0
6123,3061,1,1
6124,3062,1,0
6125,3062,1,1
6126,3063,1,0
6127,3063,1,1
6128,3064,1,0
6129,3064,1,1
6130,3065,1,0
6131,3065,1,1
6132,3066,1,0
6133,3066,1,1
6134,3067,1,0
6135,3067,1,1
6136,3068,1,0
6137,3068,1,1
6138,3069,1,0
6139,3069,1,1
6140,3070,1,0
6141,3070,1,1
6142,3071,1,0
6143,3071,1,1
6144,3072,1,0
6145,3072,1,1
6146,3073,1,0
6147,3073,1,1
6148,3074,1,0
6149,3074,1,1
6150,3075,1,0
6151,3075,1,1
6152,3076,1,0
6153,3076,1,1
6154,3077,1,0
6155,3077,1,1
6156,3078,1,0
6157,3078,1,1
6158,3079,1,0
6159,3079,1,1
6160,3080,1,0
6161,3080,1,1
6162,3081,1,0
6163,3081,1,1
6164,3082,1,0
6165,3082,1,1
6166,3083,1,0
6167,3083,1,1
6168,3084,1,0
6169,3084,1,1
6170,3085,1,0
6171,3085,1,1
6172,3086,1,0
6173,3086,1,1
6174,3087,1,0
6175,3087,1,1
6176,3088,1,0
6177,3088,1,1
6178,3089,1,0
6179,3089,1,1
6180,3090,1,0
6181,3090,1,1
6182,3091,1,0
6183,3091,1,1
6184,3092,1,0
6185,3092,1,1
6186,3093,1,0
6187,3093,1,1
6188,3094,1,0
6189,3094,1,1
6190,3095,1,0
6191,3095,1,1
6192,3096,1,0
6193,3096,1,1
6194,3097,1,0
6195,3097,1,1
6196,3098,1,0
6197,3098,1,1
6198,3099,1,0
6199,3099,1,1
6200,3100,1,0
6201,3100,1,1
6202,3101,1,0
6203,3101,1,1
6204,3102,1,0
6205,3102,1,1
6206,3103,1,0
6207,3103,1,1
6208,3104,1,0
6209,3104,1,1
6210,3105,1,0
6211,3105,1,1
6212,3106,1,0
6213,3106,1,1
6214,3107,1,0
6215,3107,1,1
6216,3108,1,0
6217,3108,1,1
6218,3109,1,0
6219,3109,1,1
6220,3110,1,0
6221,3110,1,1
6222,3111,1,0
6223,3111,1,1
6224,3112,1,0
6225,3112,1,1
6226,3113,1,0
6227,3113,1,1
6228,3114,1,0
6229,3114,1,1
6230,3115,1,0
6231,3115,1,1
6232,3116,1,0
6233,3116,1,1
6234,3117,1,0
6235,3117,1,1
6236,3118,1,0
6237,3118,1,1
6238,3119,1,0
6239,3119,1,1
6240,3120,1,0
6241,3120,1,1
6242,3121,1,0
6243,3121,1,1
6244,3122,1,0
6245,3122,1,1
6246,3123,1,0
6247,3123,1,1
6248,3124,1,0
6249,3124,1,1
6250,3125,1,0
6251,3125,1,1
6252,3126,1,0
6253,3126,1,1
6254,3127,1,0
6255,3127,1,1
6256,3128,1,0
6257,3128,1,1
6258,3129,1,0
6259,3129,1,1
6260,3130,1,0
6261,3130,1,1
6262,3131,1,0
6263,3131,1,1
6264,3132,1,0
6265,3132,1,1
6266,3133,1,0
6267,3133,1,1
6268,3134,1,0
6269,3134,1,1
6270,3135,1,0
6271,3135,1,1
6272,3136,1,0
6273,3136,1,1
6274,3137,1,0
6275,3137,1,1
6276,3138,1,0
6277,3138,1,1
6278,3139,1,0
6279,3139,1,1
6280,3140,1,0
6281,3140,1,1
6282,3141,1,0
6283,3141,1,1
6284,3142,1,0
6285,3142,1,1
6286,3143,1,0
6287,3143,1,1
6288,3144,1,0
6289,3144,1,1
6290,3145,1,0
6291,3145,1,1
6292,3146,1,0
6293,3146,1,1
6294,3147,1,0
6295,3147,1,1
6296,3148,1,0
6297,3148,1,1
6298,3149,1,0
6299,3149,1,1
6300,3150,1,0
6301,3150,1,1
6302,3151,1,0
6303,3151,1,1
6304,3152,1,0
6305,3152,1,1
6306,3153,1,0
6307,3153,1,1
6308,3154,1,0
6309,3154,1,1
6310,3155,1,0
6311,3155,1,1
6312,3156,1,0
6313,3156,1,1
6314,3157,1,0
6315,3157,1,1
6316,3158,1,0
6317,3158,1,1
6318,3159,1,0
6319,3159,1,1
6320,3160,1,0
6321,3160,1,1
6322,3161,1,0
6323,3161,1,1
6324,3162,1,0
6325,3162,1,1
6326,3163,1,0
6327,3163,1,1
6328,3164,1,0
6329,3164,1,1
6330,3165,1,0
6331,3165,1,1
6332,3166,1,0
6333,3166,1,1
6334,3167,1,0
6335,3167,1,1
6336,3168,1,0
6337,3168,1,1
6338,3169,1,0
6339,3169,1,1
6340,3170,1,0
6341,3170,1,1
6342,3171,1,0
6343,3171,1,1
6344,3172,1,0
6345,3172,1,1
6346,3173,1,0
6347,3173,1,1
6348,3174,1,0
6349,3174,1,1
6350,3175,1,0
6351,3175,1,1
6352,3176,1,0
6353,3176,1,1
6354,3177,1,0
6355,3177,1,1
6356,3178,1,0
6357,3178,1,1
6358,3179,1,0
6359,3179,1,1
6360,3180,1,0
6361,3180,1,1
6362,3181,1,0
6363,3181,1,1
6364,3182,1,0
6365,3182,1,1
6366,3183,1,0
6367,3183,1,1
6368,3184,1,0
6369,3184,1,1
6370,3185,1,0
6371,3185,1,1
6372,3186,1,0
6373,3186,1,1
6374,3187,1,0
6375,3187,1,1
6376,3188,1,0
6377,3188,1,1
6378,3189,1,0
6379,3189,1,1
6380,3190,1,0
6381,3190,1,1
6382,3191,1,0
6383,3191,1,1
6384,3192,1,0
6385,3192,1,1
6386,3193,1,0
6387,3193,1,1
6388,3194,1,0
6389,3194,1,1
6390,3195,1,0
6391,3195,1,1
6392,3196,1,0
6393,3196,1,1
6394,3197,1,0
6395,3197,1,1
6396,3198,1,0
6397,3198,1,1
6398,3199,1,0
6399,3199,1,1
6400,3200,1,0
6401,3200,1,1
6402,3201,1,0
6403,3201,1,1
6404,3202,1,0
6405,3202,1,1
6406,3203,1,0
6407,3203,1,1
6408,3204,1,0
6409,3204,1,1
6410,3205,1,0
6411,3205,1,1
6412,3206,1,0
6413,3206,1,1
6414,3207,1,0
6415,3207,1,1
6416,3208,1,0
6417,3208,1,1
6418,3209,1,0
6419,3209,1,1
6420,3210,1,0
6421,3210,1,1
6422,3211,1,0
6423,3211,1,1
6424,3212,1,0
6425,3212,1,1
6426,3213,1,0
6427,3213,1,1
6428,3214,1,0
6429,3214,1,1
6430,3215,1,0
6431,3215,1,1
6432,3216,1,0
6433,3216,1,1
6434,3217,1,0
6435,3217,1,1
6436,3218,1,0
6437,3218,1,1
6438,3219,1,0
6439,3219,1,1
6440,3220,1,0
6441,3220,1,1
6442,3221,1,0
6443,3221,1,1
6444,3222,1,0
6445,3222,1,1
6446,3223,1,0
6447,3223,1,1
6448,3224,1,0
6449,3224,1,1
6450,3225,1,0
6451,3225,1,1
6452,3226,1,0
6453,3226,1,1
6454,3227,1,0
6455,3227,1,1
6456,3228,1,0
6457,3228,1,1
6458,3229,1,0
6459,3229,1,1
6460,3230,1,0
6461,3230,1,1
6462,3231,1,0
6463,3231,1,1
6464,3232,1,0
6465,3232,1,1
6466,3233,1,0
6467,3233,1,1
6468,3234,1,0
6469,3234,1,1
6470,3235,1,0
6471,3235,1,1
6472,3236,1,0
6473,3236,1,1
6474,3237,1,0
6475,3237,1,1
6476,3238,1,0
6477,3238,1,1
6478,3239,1,0
6479,3239,1,1
6480,3240,1,0
6481,3240,1,1
6482,3241,1,0
6483,3241,1,1
6484,3242,1,0
6485,3242,1,1
6486,3243,1,0
6487,3243,1,1
6488,3244,1,0
6489,3244,1,1
6490,3245,1,0
6491,3245,1,1
6492,3246,1,0
6493,3246,1,1
6494,3247,1,0
6495,3247,1,1
6496,3248,1,0
6497,3248,1,1
6498,3249,1,0
6499,3249,1,1
6500,3250,1,0
6501,3250,1,1
6502,3251,1,0
6503,3251,1,1
6504,3252,1,0
6505,3252,1,1
6506,3253,1,0
6507,3253,1,1
6508,3254,1,0
6509,3254,1,1
6510,3255,1,0
6511,3255,1,1
6512,3256,1,0
6513,3256,1,1
6514,3257,1,0
6515,3257,1,1
6516,3258,1,0
6517,3258,1,1
6518,3259,1,0
6519,3259,1,1
6520,3260,1,0
6521,3260,1,1
6522,3261,1,0
6523,3261,1,1
6524,3262,1,0
6525,3262,1,1
6526,3263,1,0
6527,3263,1,1
6528,3264,1,0
6529,3264,1,1
6530,3265,1,0
6531,3265,1,1
6532,3266,1,0
6533,3266,1,1
6534,3267,1,0
6535,3267,1,1
6536,3268,1,0
6537,3268,1,1
6538,3269,1,0
6539,3269,1,1
6540,3270,1,0
6541,3270,1,1
6542,3271,1,0
6543,3271,1,1
6544,3272,1,0
6545,3272,1,1
6546,3273,1,0
6547,3273,1,1
6548,3274,1,0
6549,3274,1,1
6550,3275,1,0
6551,3275,1,1
6552,3276,1,0
6553,3276,1,1
6554,3277,1,0
6555,3277,1,1
6556,3278,1,0
6557,3278,1,1
6558,3279,1,0
6559,3279,1,1
6560,3280,1,0
6561,3280,1,1
6562,3281,1,0
6563,3281,1,1
6564,3282,1,0
6565,3282,1,1
6566,3283,1,0
6567,3283,1,1
6568,3284,1,0
6569,3284,1,1
6570,3285,1,0
6571,3285,1,1
6572,3286,1,0
6573,3286,1,1
6574,3287,1,0
6575,3287,1,1
6576,3288,1,0
6577,3288,1,1
6578,3289,1,0
6579,3289,1,1
6580,3290,1,0
6581,3290,1,1
6582,3291,1,0
6583,3291,1,1
6584,3292,1,0
6585,3292,1,1
6586,3293,1,0
6587,3293,1,1
6588,3294,1,0
6589,3294,1,1
6590,3295,1,0
6591,3295,1,1
6592,3296,1,0
6593,3296,1,1
6594,3297,1,0
6595,3297,1,1
6596,3298,1,0
6597,3298,1,1
6598,3299,1,0
6599,3299,1,1
6600,3300,1,0
6601,3300,1,1
6602,3301,1,0
6603,3301,1,1
6604,3302,1,0
6605,3302,1,1
6606,3303,1,0
6607,3303,1,1
6608,3304,1,0
6609,3304,1,1
6610,3305,1,0
6611,3305,1,1
6612,3306,1,0
6613,3306,1,1
6614,3307,1,0
6615,3307,1,1
6616,3308,1,0
6617,3308,1,1
6618,3309,1,0
6619,3309,1,1
6620,3310,1,0
6621,3310,1,1
6622,3311,1,0
6623,3311,1,1
6624,3312,1,0
6625,3312,1,1
6626,3313,1,0
6627,3313,1,1
6628,3314,1,0
6629,3314,1,1
6630,3315,1,0
6631,3315,1,1
6632,3316,1,0
6633,3316,1,1
6634,3317,1,0
6635,3317,1,1
6636,3318,1,0
6637,3318,1,1
6638,3319,1,0
6639,3319,1,1
6640,3320,1,0
6641,3320,1,1
6642,3321,1,0
6643,3321,1,1
6644,3322,1,0
6645,3322,1,1
6646,3323,1,0
6647,3323,1,1
6648,3324,1,0
6649,3324,1,1
6650,3325,1,0
6651,3325,1,1
6652,3326,1,0
6653,3326,1,1
6654,3327,1,0
6655,3327,1,1
6656,3328,1,0
6657,3328,1,1
6658,3329,1,0
6659,3329,1,1
